source_file,trial_id,label,Thumb_mean,Thumb_median,Thumb_std,Thumb_min,Thumb_max,Thumb_range,Thumb_last,Thumb_slope,Index_mean,Index_median,Index_std,Index_min,Index_max,Index_range,Index_last,Index_slope,Middle_mean,Middle_median,Middle_std,Middle_min,Middle_max,Middle_range,Middle_last,Middle_slope,Ring_mean,Ring_median,Ring_std,Ring_min,Ring_max,Ring_range,Ring_last,Ring_slope,Little_mean,Little_median,Little_std,Little_min,Little_max,Little_range,Little_last,Little_slope,ReverseHorizontal_mean,ReverseHorizontal_median,ReverseHorizontal_std,ReverseHorizontal_min,ReverseHorizontal_max,ReverseHorizontal_range,ReverseHorizontal_last,ReverseHorizontal_slope,ReverseThumb_mean,ReverseThumb_median,ReverseThumb_std,ReverseThumb_min,ReverseThumb_max,ReverseThumb_range,ReverseThumb_last,ReverseThumb_slope
stepwise_train_samples_20260525_204935.csv,1,Ring,0.23193498333333337,0.287849,0.20080963513731867,-0.026196,0.661582,0.687778,0.303917,0.1580708626908243,0.1784453166666667,0.1364245,0.1531370900750361,0.007209,0.608739,0.60153,0.149488,0.0893828599233508,0.04299976666666667,0.020477,0.05182849077176461,-0.021589,0.176107,0.197696,0.017514,0.03152803334990922,0.013603116666666666,0.0078635,0.021135934294538663,-0.014347,0.055498,0.069845,0.016907,0.016683464059406912,0.019150066666666663,0.015992,0.026803543254494463,-0.02418,0.059814,0.083994,0.015393,0.02187996759517986,0.2337675,0.146236,0.23728961294126774,-0.035718,0.685983,0.721701,0.38834,0.2141380064661424,0.021057100000000006,0.0296525,0.1110397524933751,-0.342295,0.260021,0.6023160000000001,-0.031162,-0.03266621582864823
stepwise_train_samples_20260525_204935.csv,2,Ring,-0.005998633333333334,-0.014888,0.039259996473920145,-0.054443,0.162451,0.216894,-0.048126,-0.03514852933797299,-0.023988799999999998,-0.0406025,0.055450006610098794,-0.089594,0.1918,0.281394,-0.076737,-0.05225274822050618,0.03758636666666666,0.027044,0.03697738155411885,-0.036005,0.117344,0.153349,0.004631,-0.006086260306408558,-0.033052333333333336,-0.034116999999999995,0.010692534038082627,-0.052684,0.005088,0.057772000000000004,-0.050587,-0.005923561248718705,0.01691481666666667,0.018482,0.009396704738881722,-0.005861,0.04368,0.049540999999999995,0.015469,-0.0020357786796946437,0.01967,-0.046298,0.14166044289262028,-0.121758,0.509134,0.630892,-0.115218,-0.14112866474882604,-0.048752449999999996,-0.057279,0.02411820863194791,-0.07431,0.023797,0.098107,-0.067974,-0.020595753681314048
stepwise_train_samples_20260525_204935.csv,3,Middle,-0.018459966666666668,-0.022446,0.017461837719215643,-0.05038,0.024633,0.075013,-0.041624,-0.01143073002583765,0.07483095000000001,0.071667,0.018637435674313318,0.044663,0.124576,0.07991300000000001,0.098336,0.0036093231615133333,0.09356813333333333,0.08797250000000001,0.037322654121175365,0.027984,0.288028,0.260044,0.087329,-0.021047418578058533,0.04921251666666667,0.045847,0.01416047049182061,0.030639,0.09714,0.066501,0.04703,-0.008701098152836387,0.10961598333333335,0.10565849999999999,0.029711904497743923,0.064491,0.166391,0.1019,0.076026,-0.025800809405089407,0.29413140000000004,0.290935,0.0770421819877916,0.158637,0.472347,0.31371000000000004,0.202766,-0.07623577979523255,-0.045772233333333336,-0.04506,0.013556497639344595,-0.069465,-0.015156,0.054308999999999996,-0.06519,-0.013906845475269764
stepwise_train_samples_20260525_204935.csv,4,Little,0.021054783333333334,0.014699,0.017209479569984743,-0.003783,0.063539,0.06732199999999999,0.011476,-0.013876556873231263,-0.05136363333333334,-0.059950500000000004,0.031484715779229906,-0.091522,0.055555,0.147077,-0.080619,-0.029070510715958977,0.019327199999999996,-0.010426,0.059861825772022696,-0.047382,0.165407,0.212789,-0.037496,-0.06037730844813748,0.10655688333333334,0.08013100000000001,0.06090779718560716,0.036927,0.270671,0.233744,0.060966,-0.054278458744156544,0.15382939999999998,0.15698849999999998,0.02647956582549394,0.076658,0.208539,0.131881,0.076658,-0.01822627485183254,0.4405678833333333,0.449106,0.11598757842503246,0.261922,0.752731,0.49080900000000005,0.261922,-0.09438211645445187,0.0020967833333333337,0.001709,0.008148267938835564,-0.020198,0.017272,0.03747,-0.006796,-0.0010114077073657918
stepwise_train_samples_20260525_204935.csv,5,Ring,-0.018543633333333333,-0.025432999999999997,0.02094281091446153,-0.046401,0.037688,0.084089,-0.035701,-0.02005726470768535,0.020636549999999997,0.0,0.07168632601629245,-0.062457,0.233398,0.295855,-0.055797,-0.06985030233326775,0.1713605666666667,0.156282,0.055799376361021176,0.091957,0.314159,0.222202,0.226193,-0.007397911553102692,0.0696326,0.063284,0.02528343010036415,0.039521,0.176818,0.137297,0.039521,-0.02046470094438269,0.03579136666666668,0.031282,0.027206135752170974,-0.00972,0.122564,0.132284,0.027454,-0.020305971166675037,0.01470515,0.0074364999999999995,0.073440751154434,-0.093455,0.156072,0.249527,-0.093455,-0.07195684311165676,-0.0008702499999999997,-0.003376,0.012533437834615318,-0.022217,0.027581,0.049798,-0.004498,-0.0096592538146563
stepwise_train_samples_20260525_204935.csv,6,Middle,0.0024895000000000004,-0.00062,0.013425824198784473,-0.022558,0.037577,0.060135,-0.004326,-0.007815832637014462,0.0847042,0.056937,0.0879159437657736,-0.048025,0.253947,0.30197199999999996,0.225161,0.02761365393181297,0.054135266666666675,0.0284395,0.07519402108121512,-0.032909,0.257724,0.29063300000000003,0.032064,-0.07389933084924365,0.011436183333333334,0.0101015,0.01678870163978508,-0.016328,0.048827,0.065155,-0.005875,-0.011443285661714098,-0.017325366666666668,-0.017125,0.013860179105344282,-0.044349,0.0125,0.056849,-0.029098,-0.01126512415191003,0.025325316666666663,0.0061565000000000005,0.06905310834072852,-0.098219,0.206595,0.30481400000000003,-0.098219,-0.06795075249979866,-0.005035933333333334,-0.0050290000000000005,0.00850599263238702,-0.019914,0.012441,0.032355,0.003372,0.002871248298261524
stepwise_train_samples_20260525_204935.csv,7,Index,0.08123509999999999,0.082426,0.009300520932901195,0.064899,0.103183,0.038284,0.067568,-0.006731102342206542,0.48935605,0.481951,0.10737468936057898,0.323405,0.773332,0.449927,0.412288,-0.08905326911595125,0.03897235,0.035597000000000004,0.02293414816369177,-0.003465,0.13699,0.140455,0.016394,-0.007991199285186632,-0.05136093333333333,-0.053191,0.0184832203704393,-0.082213,-0.014962,0.06725099999999999,-0.075986,-0.0158276479449787,0.027744016666666663,0.0235685,0.01471931006704194,0.003575,0.064655,0.06108,0.009574,-0.01393248445555659,-0.09033986666666666,-0.098424,0.03586101067708804,-0.137016,0.017512,0.154528,-0.107466,-0.028750188741842056,0.03907596666666668,0.0382995,0.010519383936281101,0.019191,0.059105,0.039914,0.019191,-0.00905345363159438
stepwise_train_samples_20260525_204935.csv,8,Thumb,0.2958998,0.2719995,0.059177209516783846,0.220781,0.492669,0.271888,0.220781,-0.054343849642305306,-0.09706768333333333,-0.108155,0.04721269985130826,-0.160759,0.100037,0.26079600000000003,-0.160759,-0.03748508699999883,0.004443833333333333,0.004061,0.01736708528622143,-0.02836,0.046598,0.074958,0.003479,-0.010935024159285921,-0.02478673333333333,-0.028808,0.01314695140563858,-0.041725,0.026467,0.068192,-0.030977,-0.009700922702695607,-0.0011992666666666668,-0.0011949999999999999,0.012721427810151219,-0.028708,0.028688,0.057396,-0.004175,-0.012020954328821824,0.02443838333333333,0.0018729999999999999,0.059591107969811416,-0.044616,0.211661,0.256277,-0.028081,-0.05572226720854386,0.0910724,0.084109,0.023313684444405892,0.054623,0.182644,0.128021,0.075392,-0.019504012731027514
stepwise_train_samples_20260525_204935.csv,9,Middle,-0.09746608474576271,-0.093971,0.028366883420510233,-0.141513,-0.033339,0.10817399999999999,-0.140425,-0.029844040530271652,-0.03202137288135593,-0.035457,0.028876803187015656,-0.07921,0.037406,0.116616,-0.056549,-0.02706347866326624,0.0564675593220339,0.045601,0.035688307963021026,-0.00172,0.139105,0.140825,0.092228,-0.02763681552653758,0.07309408474576272,0.073705,0.010864876665610146,0.051908,0.094868,0.04295999999999999,0.078633,-0.0018552314589807307,-0.019734830508474573,-0.023436,0.01050123220881607,-0.038255,0.014448,0.052703,-0.019971,-0.007968513567039856,0.054759101694915255,0.041046,0.05379413614181285,-0.019327,0.19787,0.217197,0.001897,-0.05150992235072016,-0.04847003389830509,-0.048667,0.009615976328205765,-0.064868,-0.02758,0.037287999999999995,-0.055194,-0.009243276350199826
stepwise_train_samples_20260525_204935.csv,10,Thumb,0.25737441666666666,0.210358,0.1381771126229294,0.125744,0.643509,0.517765,0.20867,-0.08595052081777854,0.1255772666666667,0.11503050000000001,0.04816757819767243,0.025775,0.243364,0.217589,0.025775,-0.03343730041065089,0.022418083333333328,0.022721,0.012773619878864497,-0.011946,0.06786,0.079806,-0.011946,-0.008418271545909965,-0.05250675,-0.052103,0.01559994748775884,-0.080938,-0.023135,0.05780299999999999,-0.080938,-0.016725802809407272,-0.03376303333333333,-0.033488,0.005866807706543275,-0.046884,-0.023266,0.023618000000000004,-0.02669,0.00048686576584054003,0.08297384999999999,0.071474,0.036345357924969825,0.03778,0.19758,0.1598,0.079803,-0.0319263109546599,0.027143083333333335,0.0248695,0.033201213169246124,-0.029525,0.08358,0.113105,-0.00397,-0.036387781038209895
stepwise_train_samples_20260525_204935.csv,11,Ring,-0.08643819999999999,-0.08568,0.017257990862979,-0.117792,-0.045544,0.07224799999999999,-0.098499,-0.012542976982206619,-0.003154583333333333,-0.008693,0.02551278086913281,-0.031143,0.105723,0.136866,-0.014224,-0.016823221180289307,0.10363155,0.093496,0.058530576472024434,0.035131,0.380447,0.34531599999999996,0.035131,-0.0454563775233915,0.12183108333333331,0.108286,0.035302710675570725,0.077356,0.215047,0.137691,0.103045,-0.03498740028545812,0.10913498333333334,0.104648,0.015917431111302335,0.083291,0.157893,0.074602,0.092561,-0.004466168053316578,0.13954686666666666,0.124134,0.07053337829081743,0.020193,0.305937,0.285744,0.020193,-0.0676946234097216,-0.05383498333333333,-0.054219500000000004,0.014307321447999583,-0.084495,-0.019118,0.065377,-0.06873,-0.013808249403385972
stepwise_train_samples_20260525_204935.csv,12,Middle,-0.11289088333333332,-0.116478,0.013479060465640359,-0.134458,-0.073514,0.060944,-0.113706,-0.008114230983846922,0.08138030000000002,0.0630855,0.10697148635863982,-0.059464,0.289814,0.34927800000000003,-0.03654,-0.05966423377232212,0.07288065,0.0546735,0.07685647790109064,-0.037035,0.329235,0.36627,-0.037035,-0.07385608718809215,0.042484949999999994,0.045008,0.025254126773278728,-0.001195,0.110876,0.112071,0.008412,-0.0045680966574199655,-0.03143543333333334,-0.031756,0.009513858236570248,-0.049091,-0.011555,0.037536,-0.029411,-0.0034554453268898166,0.017771716666666666,0.008919,0.040716217500766476,-0.042196,0.14202,0.184216,0.016557,-0.028954461675026587,0.0137608,0.014913,0.009662659205760423,-0.010148,0.033692,0.043840000000000004,0.001136,-0.00829323886961944
stepwise_train_samples_20260525_204935.csv,13,Index,0.09082139999999998,0.0887285,0.025723174421909904,0.041028,0.160854,0.11982599999999999,0.062137,-0.0256536013990527,0.3017069333333333,0.270474,0.12008329295491339,0.103139,0.62388,0.520741,0.103139,-0.11508570072025275,-0.007078550000000001,-0.008857,0.033478463494922124,-0.06788,0.131267,0.199147,-0.06788,-0.02169622224236141,-0.03171193333333333,-0.030005,0.018669464776176335,-0.072991,0.007556,0.08054700000000001,-0.072991,-0.017853390097542166,-0.034102249999999994,-0.037829,0.012424303870002804,-0.050174,0.001796,0.05197,-0.03896,-0.0113088980832905,0.009293833333333333,-0.009068,0.057852932190214486,-0.080285,0.164895,0.24518,-0.023701,-0.05502008944261609,0.008877583333333333,0.0051,0.014863422894577668,-0.016746,0.049022,0.06576800000000001,-0.002255,-0.013623169956439184
stepwise_train_samples_20260525_204935.csv,14,Index,-0.05963466666666666,-0.059244000000000005,0.011986425260361078,-0.085302,-0.038094,0.047208,-0.040478,-0.0002151352745992568,0.13080356666666668,0.113128,0.08609039394039396,0.015179,0.38304,0.367861,0.066933,-0.07844027099108897,0.03317055,0.029322,0.05518082790590255,-0.055218,0.148986,0.204204,0.041017,-0.02710780027347074,0.025725083333333332,0.0173035,0.029943149852284894,-0.019123,0.101211,0.120334,0.060561,-0.01225276686275032,0.00996981666666667,0.005908,0.019879957644565596,-0.028813,0.047418,0.076231,0.002357,0.004057025543847614,0.10646849999999998,0.110568,0.053118493613335836,0.016508,0.230337,0.213829,0.108368,-0.04524251874510981,-0.0013600500000000005,0.0,0.008459213005997267,-0.023319,0.013667,0.036986,-0.001128,0.006590629298389142
stepwise_train_samples_20260525_204935.csv,15,Thumb,0.37167105,0.3723,0.036842952069301306,0.310184,0.477774,0.16758999999999996,0.328539,-0.02672270676314938,0.03687078333333334,0.0380235,0.03326871242779101,-0.016108,0.112693,0.128801,-0.016108,-0.03143010010912272,-0.041731383333333344,-0.0510095,0.021171705639911383,-0.069672,0.00701,0.076682,-0.05907,-0.02043182977411023,-0.052057316666666666,-0.053053,0.014564371537524561,-0.078909,-0.012646,0.066263,-0.072667,-0.014580420243401584,-0.04146800000000001,-0.0409695,0.005777246769295331,-0.05593,-0.027962,0.027968,-0.037037,0.0006567590573270045,0.001970233333333334,0.002568,0.025346576158241874,-0.043407,0.064466,0.107873,-0.043407,-0.02374007749010897,-0.0021854500000000002,-0.007859,0.023272546611422508,-0.040609,0.053839,0.094448,-0.036328,-0.02490967073515876
stepwise_train_samples_20260525_204935.csv,16,Little,-0.10246198333333334,-0.10965,0.018616295954970625,-0.12745,-0.044168,0.08328200000000001,-0.10965,-0.013659159680458166,-0.0121728,-0.016671,0.033650613449980375,-0.055181,0.105032,0.160213,-0.01116,-0.008413914427181228,0.0098412,0.006836,0.03098363361184955,-0.031077,0.137785,0.16886199999999998,-0.028901,-0.028994827023421092,0.06078418333333334,0.0376505,0.0561487110583706,-0.013428,0.185836,0.199264,0.019454,-0.05653691437502595,0.15199458333333335,0.14404899999999998,0.030541046325282564,0.104877,0.25496,0.15008300000000002,0.117034,-0.029868639143909272,0.4170949666666666,0.419975,0.12308426704213211,0.155879,0.703312,0.5474330000000001,0.36325,-0.09465737588316193,-0.029512649999999998,-0.030294500000000002,0.01762302578997621,-0.065733,0.016543,0.082276,-0.05286,-0.018921848772321687
stepwise_train_samples_20260525_204935.csv,17,Index,0.14397208333333333,0.151614,0.0352434804799846,0.063628,0.205512,0.141884,0.069084,-0.03278295005884587,0.23038389999999997,0.236852,0.04906284522348183,0.134627,0.351896,0.217269,0.172087,-0.038083474577951186,0.08343386666666666,0.081608,0.02536556036536329,0.027394,0.154803,0.127409,0.051015,-0.00278560783114216,-0.06654326666666666,-0.069064,0.018008636072605708,-0.107172,-0.020767,0.08640500000000001,-0.107172,-0.017045635420605644,-0.0352265,-0.036407,0.010035456090781325,-0.057795,-0.009581,0.048214,-0.057795,-0.008687166490378791,0.07000954999999999,0.039343,0.09309427015207489,-0.073985,0.284394,0.358379,-0.073985,-0.0973637104585623,0.04534481666666667,0.042622999999999994,0.01796299248129486,0.01722,0.081465,0.064245,0.027748,-0.018090737568125206
stepwise_train_samples_20260525_204935.csv,18,Thumb,0.15764577966101692,0.151369,0.05952383512056264,0.068142,0.357118,0.288976,0.079462,-0.06457882982003182,-0.009498237288135593,-0.012374,0.028425669638275405,-0.0699,0.0934,0.1633,-0.05397,-0.024164833309004177,-0.05159566101694915,-0.061853,0.02961925157308161,-0.089582,0.015605,0.105187,-0.0629,-0.030391365979983865,-0.04617949152542373,-0.049532,0.012013153015281719,-0.063365,-0.018773,0.04459200000000001,-0.049532,-0.01034693352435059,-0.01238384745762712,-0.014025,0.008450765583237563,-0.03117,0.009507,0.040677,-0.024363,-0.0042136439977739975,-0.0221046779661017,-0.041664,0.04478400096373729,-0.076683,0.126918,0.203601,-0.039176,-0.03830316622232851,0.003786762711864405,0.001129,0.030599358669106833,-0.043786,0.102641,0.146427,-0.032008,-0.03163475030467973
stepwise_train_samples_20260525_204935.csv,19,Thumb,0.06130581355932202,0.046634,0.04914555237923524,-0.007903,0.196281,0.204184,-1e-06,-0.052260860597178715,-0.01822115254237288,-0.025599,0.031817243217472216,-0.063946,0.088625,0.152571,-0.04214,-0.027710336726799983,-0.008715966101694917,-0.018515,0.03207366749069922,-0.052047,0.098893,0.15094,-0.034938,-0.020330942274087698,-0.011080491525423727,-0.01061,0.007289869107594483,-0.029217,0.009624,0.038841,-0.008389,-0.0027643380147423092,-0.008153389830508475,-0.006994,0.007369839211310824,-0.02644,0.004701,0.031141000000000002,-0.005833,-0.0012542634041815934,0.033615966101694914,0.032144,0.04539559257146122,-0.065363,0.134676,0.200039,-0.020381,-0.040562361150051754,-0.08788138983050849,-0.090466,0.01105099241960656,-0.110689,-0.064292,0.046396999999999994,-0.088409,-0.007858986635218597
stepwise_train_samples_20260525_204935.csv,20,Middle,-0.06578583333333332,-0.06761700000000001,0.014474787217971652,-0.105645,-0.037192,0.068453,-0.053195,0.002687925433824611,0.04077433333333333,0.034198,0.036402227751273074,-0.002423,0.195204,0.197627,0.014718,-0.024908860960109493,0.14507746666666668,0.12301000000000001,0.07705907349872708,0.025147,0.356029,0.330882,0.051169,-0.07620509792337107,0.06466273333333333,0.0623675,0.02389328009215608,0.018862,0.124287,0.10542499999999999,0.018862,-0.023436856975802476,0.012800816666666666,0.009524000000000001,0.01667110412209468,-0.013469,0.053385,0.066854,-0.011145,-0.016096300490498597,0.11946538333333333,0.1409375,0.07542058461522992,-0.03493,0.252943,0.287873,0.005684,-0.07249028156341192,-0.025431550000000004,-0.0291615,0.020051705608605138,-0.063577,0.01773,0.08130699999999999,-0.049582,-0.02025292663821457
stepwise_train_samples_20260525_204935.csv,21,Little,-0.04751165,-0.049586,0.014515612956198808,-0.074179,-0.007679,0.06649999999999999,-0.070723,-0.014177954440509285,-0.07471165,-0.0679205,0.018289596150840328,-0.116025,-0.053736,0.062289000000000004,-0.104469,-0.018092346366884487,-0.09209605000000001,-0.091378,0.019063297658436923,-0.130516,-0.057515,0.073001,-0.112515,-0.0172975430441565,-0.08835453333333335,-0.0988195,0.03141255652307776,-0.123497,-0.005913,0.117584,-0.1085,-0.030564693152541022,0.006902966666666667,0.0036595,0.01683096900554319,-0.021552,0.050421,0.07197300000000001,0.006108,-0.00968687484683293,-0.03675915,-0.074793,0.09576734688884045,-0.143572,0.18551,0.329082,-0.123726,-0.10024351612035522,-0.03599333333333334,-0.035091,0.007054801883981025,-0.053614,-0.023961,0.029653000000000002,-0.042778,-0.00029030743758038513
stepwise_train_samples_20260525_204935.csv,22,Middle,0.007077500000000001,0.008184,0.008600053454291238,-0.017302,0.022908,0.04021,0.010086,-0.000451866659272466,0.11990594999999998,0.113514,0.03552715060786844,0.041547,0.276994,0.23544700000000002,0.151154,-0.004672816725583523,0.06918261666666667,0.054164000000000004,0.05384559781049628,-0.0369,0.247286,0.284186,-0.0369,-0.047959687914008446,-0.006101016666666667,-0.009865,0.023205029039335176,-0.050714,0.062202,0.112916,0.018946,-0.01167522475790068,0.05689185,0.0531075,0.021515139034971785,0.01153,0.102747,0.091217,0.01153,-0.016779097567901757,-0.00756333333333333,-0.055281,0.0977252588281158,-0.110673,0.278779,0.389452,-0.101397,-0.08933659148486879,-0.0047458333333333345,-0.006793,0.010263805438151204,-0.023501,0.019598,0.043099,-0.02019,-0.007061328313963422
stepwise_train_samples_20260525_204935.csv,23,Thumb,0.19430385000000003,0.17493150000000002,0.06464415406382468,0.097001,0.403205,0.306204,0.097001,-0.06535285504880581,0.03262553333333333,0.027249500000000003,0.04150197399099095,-0.027399,0.228401,0.25579999999999997,-0.027399,-0.03362009570752004,-0.03033501666666667,-0.0340235,0.013906902362366282,-0.050976,0.014671,0.065647,-0.036786,-0.013337838708887408,-0.04177764999999999,-0.0414715,0.016797141258584253,-0.076489,-0.018235,0.058254,-0.056546,-0.016051295121575007,-0.040507783333333346,-0.042478,0.01202860502731117,-0.066312,-0.011901,0.054410999999999994,-0.045294,-0.010796738802109686,-0.053765883333333334,-0.076561,0.05324837010247096,-0.112433,0.097433,0.209866,-0.097646,-0.04896208843572624,-0.004929483333333333,-0.0067165,0.015805697572385796,-0.0362,0.031009,0.067209,-0.02542,-0.0152550849678924
stepwise_train_samples_20260525_204935.csv,24,Little,-0.05137261666666667,-0.05112,0.012801305824135894,-0.076969,-0.020429,0.05653999999999999,-0.071186,-0.007214804760290233,-0.07663016666666667,-0.077609,0.02934434082190674,-0.129279,-0.017641,0.111638,-0.122986,-0.02967216082597282,-0.06978924999999998,-0.084827,0.04760920973041001,-0.125251,0.096393,0.221644,-0.112386,-0.048597775351378034,-0.04739443333333333,-0.0479795,0.02097023712500383,-0.09939,0.016935,0.11632500000000001,-0.090328,-0.02091879753179922,0.09136261666666666,0.08735699999999999,0.02028975024250066,0.053292,0.13553,0.082238,0.073673,-0.018453608609748644,0.013574683333333332,0.016351,0.04346013155697671,-0.078477,0.08606,0.164537,-0.015963,-0.04229169316355295,-0.05338945,-0.05366,0.011271073180824442,-0.073805,-0.034017,0.039788,-0.065396,-0.010943233632644066
stepwise_train_samples_20260525_204935.csv,25,Little,-0.08731771666666664,-0.101978,0.029850298316818468,-0.130876,-0.018976,0.1119,-0.119267,-0.03127193031789927,-0.00921075,-0.007166499999999999,0.016250415965573518,-0.048109,0.025053,0.073162,-0.027656,-0.012896491858337316,0.05504476666666667,0.0520665,0.04028275511777824,0.00681,0.17029,0.16348,0.010239,-0.041104459959705894,-0.08166331666666668,-0.087,0.023223234892733088,-0.115822,-0.034248,0.081574,-0.115822,-0.024867001421348508,-0.05120291666666667,-0.050551,0.009286594361931372,-0.078277,-0.023981,0.054296,-0.051683,0.0021887782227817273,0.10348863333333333,0.105583,0.07299824936598746,-0.041792,0.306013,0.347805,-0.0345,-0.0751654191202288,-0.00547195,-0.005598,0.010115452206772567,-0.026485,0.018203,0.044688000000000005,-0.019953,-0.007540735898819595
stepwise_train_samples_20260525_204935.csv,26,Little,-0.008528271186440678,-0.007292,0.008536643687766384,-0.027537,0.011081,0.038618,0.007367,0.0008765213800801495,-0.06100623728813558,-0.065973,0.01956408528473642,-0.086422,0.003017,0.089439,-0.075739,-0.019783614266168065,0.07731145762711866,0.077683,0.023176672332707645,0.023459,0.1387,0.11524099999999998,0.049484,-0.004896630730108931,-0.06251445762711864,-0.070049,0.023163488383933267,-0.095596,-0.012545,0.083051,-0.089552,-0.023711366738267008,-0.006878389830508474,-0.005927,0.009783997787839026,-0.031425,0.012007,0.043432,-0.023413,-0.0013382529154048145,0.035083525423728806,0.030931,0.035112804223712234,-0.044459,0.118848,0.16330699999999998,0.030931,-0.025180056802330056,-0.011788711864406779,-0.011065,0.0075701418746099884,-0.028429,0.002233,0.030662,-0.008865,-0.003814752197657933
stepwise_train_samples_20260525_204935.csv,27,Ring,-0.019237166666666663,-0.018972,0.012556981736822306,-0.050793,0.00311,0.053903,-0.035661,-0.009277406887735293,0.032055483333333336,0.026474499999999998,0.03298144992491571,-0.050042,0.108058,0.15810000000000002,0.00746,-0.021930025532298926,0.06815743333333332,0.06086,0.03600787846539822,-0.015296,0.163822,0.179118,0.116969,0.004057048380566562,0.12211980000000003,0.121677,0.02732857286297012,0.052598,0.170475,0.11787699999999998,0.121677,-0.023272755260450247,-0.005227550000000002,-0.012722,0.02994439529662994,-0.0461,0.091261,0.137361,-0.008508,-0.022107741672997287,-0.12648095,-0.140653,0.04646156648005783,-0.200125,0.048822,0.248947,0.048822,0.009059088960160467,-0.0207697,-0.022678,0.011465508180771288,-0.040959,0.005073,0.046032000000000003,-0.025938,-0.010423681589661558
stepwise_train_samples_20260525_204935.csv,28,Middle,0.0002784666666666669,0.0,0.01021604113549971,-0.020405,0.02354,0.043945,-0.007271,-0.008897340810437209,0.36571023333333336,0.32018,0.17291609479854353,0.157419,0.892246,0.734827,0.204815,-0.14018934914765452,0.13755903333333333,0.130586,0.05879266597543344,0.015782,0.32565,0.309868,0.015782,-0.02755084932890714,-0.06108686666666667,-0.060801,0.012461151940419562,-0.097615,-0.039056,0.05855899999999999,-0.058052,-0.006552058579975768,-0.08937795,-0.098487,0.024506189669431813,-0.124661,-0.028562,0.09609899999999999,-0.119513,-0.01928077644008853,0.44465760000000004,0.4085145,0.11900719802897078,0.228432,0.730663,0.502231,0.309609,-0.10673862311351623,0.11577456666666669,0.114129,0.02213932143748363,0.06521,0.171788,0.10657799999999999,0.073768,-0.015998030784868424
stepwise_train_samples_20260525_204935.csv,29,Ring,0.0055244,0.006088,0.011081360010095031,-0.016768,0.036072,0.05284,-0.010826,-0.0035971696553206848,-0.007282866666666667,-0.01927,0.085093867376458,-0.111477,0.20015,0.311627,-0.095907,-0.0808777691760632,0.013392500000000003,0.020653,0.04887277800695052,-0.072643,0.123794,0.196437,0.002398,-0.043256385103464856,0.032461583333333335,0.011252,0.04813268897062636,-0.02027,0.185349,0.20561900000000002,0.007679,-0.04191802295507641,0.03494195,0.0246455,0.034658987293545766,-0.007055,0.116392,0.123447,0.004741,-0.013064938716927254,0.006387666666666666,-0.020892,0.12164690839538651,-0.193119,0.327136,0.520255,-0.193119,-0.1265652358100712,-0.00629485,-0.0101435,0.02265668724300841,-0.051462,0.050499,0.101961,-0.045096,-0.023861485915494404
stepwise_train_samples_20260525_204935.csv,30,Index,0.08340216666666665,0.084945,0.010132380266858435,0.061128,0.109551,0.048422999999999994,0.083601,-0.00035443210972411533,0.1118272,0.1032325,0.041710596178828864,0.042078,0.2443,0.20222199999999999,0.2443,0.01696326785724374,0.008282850000000001,0.0051765,0.014135804534143079,-0.021459,0.046136,0.067595,0.015057,0.004613484106282238,-0.037986650000000004,-0.046563,0.02188736558521453,-0.070308,0.011839,0.082147,-0.04985,-0.02095944559562506,-0.011468733333333331,-0.011195,0.01373168687606232,-0.037574,0.017437,0.055011000000000004,-0.023936,-0.011960345392445653,0.03425941666666667,0.0259105,0.06568002201920349,-0.061161,0.161183,0.22234399999999999,-0.029645,-0.06506994786578854,0.0633289,0.058615,0.01836838925318893,0.034853,0.116204,0.081351,0.045454,-0.01735853831799884
stepwise_train_samples_20260525_204935.csv,31,Index,0.04738346666666667,0.043395500000000004,0.01930628902669341,0.001221,0.093761,0.09254,0.051878,-0.015041687299477403,-0.018230450000000002,-0.0225635,0.03546243961969951,-0.073127,0.132724,0.205851,-0.045598,-0.028761942256799535,-0.015352283333333333,-0.022838,0.021946314461348378,-0.046047,0.049214,0.095261,0.046735,-0.0003138175731180923,-0.016921383333333335,-0.020514,0.016705032878438827,-0.050208,0.027094,0.07730200000000001,-0.026108,-0.011015613912282118,-0.006114466666666666,-0.003526,0.011998963316979605,-0.032238,0.016689,0.048927,-0.028854,-0.011368885053304892,0.07092499999999999,0.0492975,0.0842078421427205,-0.043896,0.27729,0.32118599999999997,-0.034834,-0.07163027986622372,0.015657316666666664,0.014666,0.01088664697001433,-0.006672,0.038982,0.045654,0.007861,-0.003385253373072197
stepwise_train_samples_20260525_204935.csv,32,Thumb,0.37425738333333336,0.33518000000000003,0.10006984270766288,0.250824,0.583208,0.33238399999999996,0.361336,-0.09194924140095315,0.001488000000000001,-0.0059635,0.05978917810858416,-0.097404,0.19217,0.289574,-0.097404,-0.05162592320857152,-0.06039246666666667,-0.058173,0.0220755133352671,-0.10156,-0.0153,0.08626,-0.10156,-0.02059708245786692,-0.02542846666666667,-0.025655999999999998,0.009566021829835474,-0.045114,-0.005656,0.039458,-0.040836,-0.00356713280505904,-0.019583000000000003,-0.020767,0.008081212625590296,-0.035392,0.01419,0.049582,-0.035392,-0.004679194346469495,0.025714666666666667,-0.013215,0.10945682369647963,-0.103339,0.307981,0.41132,-0.084924,-0.09889252894177192,0.05355469999999999,0.050464,0.020869666099628908,0.016827,0.11987,0.103043,0.03288,-0.020260190692454754
stepwise_train_samples_20260525_204935.csv,33,Little,-0.03239146666666666,-0.034605,0.029408161462121735,-0.08152,0.064876,0.146396,-0.075697,-0.007419120208111211,-0.024582899999999998,-0.0399755,0.03343970752747896,-0.060537,0.106657,0.167194,-0.046508,-0.016985681651259035,0.04668911666666667,0.032647,0.056802771004617864,-0.01662,0.207068,0.223688,0.015857,-0.055050650841448646,0.09709443333333333,0.09624250000000001,0.03983735083451487,0.016073,0.243949,0.227876,0.027772,-0.03856133008437199,0.24758931666666667,0.247863,0.048959636160988654,0.159828,0.356757,0.196929,0.176984,-0.05090432602816719,0.21316760000000004,0.18919249999999999,0.08823795786625314,0.087224,0.488098,0.40087399999999995,0.142386,-0.0811346386368212,-0.03952308333333333,-0.041842000000000004,0.01789462393317396,-0.070332,-0.006379,0.06395300000000001,-0.05972,-0.018252771900986405
stepwise_train_samples_20260525_204935.csv,34,Middle,-0.024106283333333336,-0.026696499999999998,0.022567052263636964,-0.060502,0.051273,0.111775,-0.021196,-0.013305177101542791,0.35828355,0.337174,0.10430257679453962,0.133333,0.616367,0.48303399999999996,0.253719,-0.02242102297827599,0.20092973333333336,0.16965,0.09394172124990874,0.060674,0.500942,0.440268,0.082044,-0.07313751897068574,0.07048864999999999,0.072161,0.028882448047689795,0.024875,0.153434,0.12855899999999998,0.079911,-0.018450334762720615,0.0009788500000000003,-0.008355,0.03552339029795486,-0.04868,0.10317,0.15184999999999998,-0.029391,-0.03383603835617262,0.18417705000000004,0.1110565,0.16847014649994868,-0.007059,0.905572,0.9126310000000001,0.047093,-0.15005920995998046,0.03774801666666667,0.036477499999999996,0.022028050692614383,-0.003382,0.104081,0.107463,0.024117,-0.014893446191519645
stepwise_train_samples_20260525_204935.csv,35,Little,-0.05596540677966102,-0.059619,0.017034202719094553,-0.090497,-0.009195,0.081302,-0.084003,-0.01729990220750028,0.038550084745762714,0.046769,0.07703950000614106,-0.091445,0.193153,0.284598,-0.090273,-0.05509741540030373,-0.09774352542372881,-0.098226,0.027717938187534756,-0.13765,-0.017373,0.120277,-0.124122,-0.026258556315099935,-0.05034474576271187,-0.055321,0.027074407450575353,-0.093289,0.013037,0.106326,-0.049875,-0.005401793078204605,0.19276974576271189,0.182442,0.04027909236080102,0.133959,0.346255,0.21229599999999998,0.187001,-0.029282250321029536,-0.10772393220338984,-0.118242,0.051714309338598774,-0.195087,0.029407,0.224494,-0.159124,-0.02607352169286364,-0.04053718644067797,-0.041151,0.008664713007804282,-0.060091,-0.022786,0.037305,-0.042216,-0.007338160268146542
stepwise_train_samples_20260525_204935.csv,36,Ring,-0.044762083333333334,-0.046362,0.015592935073606965,-0.069222,-0.008449,0.06077300000000001,-0.067026,-0.01496282381785566,-0.04980818333333334,-0.021729,0.06803333922950121,-0.195526,0.063887,0.259413,-0.195526,-0.06043476682516617,0.06026553333333333,0.053209,0.031010433151584468,0.009082,0.124921,0.115839,0.009082,-0.03111824512546922,0.10649021666666666,0.07339899999999999,0.06838683187283248,0.029211,0.310078,0.28086700000000003,0.057077,-0.068052724086588,0.08928911666666667,0.0857675,0.024806880993716012,0.048393,0.157584,0.10919100000000001,0.070854,-0.01825348533407443,-0.19940083333333336,-0.2059535,0.03978005504444267,-0.265216,-0.097623,0.167593,-0.243929,-0.04116817180185387,-0.006183516666666666,-0.009928,0.012259637682916607,-0.02511,0.020262,0.045371999999999996,-0.013208,-0.011509431116683195
stepwise_train_samples_20260525_204935.csv,37,Ring,-0.029108116666666666,-0.029855,0.012677036787161878,-0.057913,0.016338,0.074251,-0.036695,-0.00962435187780395,-0.07366788333333332,-0.08366599999999999,0.04365743683959304,-0.13567,0.009702,0.145372,-0.020864,0.02905060039670194,-0.011533866666666667,-0.016502,0.025647482727333866,-0.051613,0.073191,0.124804,-0.039741,-0.02228131038864053,0.11853653333333333,0.089245,0.07732135660205544,0.038873,0.398761,0.359888,0.065569,-0.06927847805904153,-0.0037794166666666666,-0.004828,0.016188842047628223,-0.040031,0.030985,0.071016,0.003647,-0.005397629723939879,-0.43402781666666673,-0.44175,0.031558462200859144,-0.486815,-0.3609,0.125915,-0.466246,-0.029988468457620317,-0.009086600000000002,-0.008232,0.008955220956142474,-0.025492,0.0128,0.038292,-0.019066,-0.007670101039639973
stepwise_train_samples_20260525_204935.csv,38,Index,0.11184401666666664,0.10477349999999999,0.03266749780668428,0.070765,0.220005,0.14924,0.070765,-0.024567313164900528,0.2123924166666667,0.17256349999999998,0.1802250134041972,-0.02042,0.693805,0.714225,0.016942,-0.17805279991502523,-0.02141995,-0.038469500000000004,0.05795110648797686,-0.100853,0.187158,0.288011,-0.069586,-0.04395198796945638,-0.007766650000000001,-0.016575,0.0326330681593712,-0.057997,0.080456,0.138453,-0.026448,-0.021331550619724464,0.0025964166666666674,0.003012,0.014351310391147407,-0.028852,0.030096,0.058948,-0.011331,-0.01234754725426876,0.08059078333333332,0.0138195,0.18611451294369746,-0.132963,0.719352,0.8523149999999999,-0.101801,-0.187351538802029,0.01278295,0.010644,0.015586155819000613,-0.014868,0.051215,0.066083,-0.002776,-0.014969269082471103
stepwise_train_samples_20260525_204935.csv,39,Middle,-0.02682255,-0.02656,0.02111534806598035,-0.067876,0.019983,0.087859,-0.067876,-0.021147937869469714,0.03312045,0.0332035,0.03779644374912583,-0.054132,0.113884,0.168016,0.077367,-0.007692975219161076,0.1745883166666667,0.163122,0.06239196020735675,0.080388,0.396466,0.31607799999999997,0.134118,-0.04090167720144764,0.11568526666666663,0.107459,0.0362788543676463,0.058394,0.18934,0.130946,0.106783,-0.007720200791411215,0.01104905,0.010149499999999999,0.034184742454017404,-0.045319,0.079525,0.124844,-0.020445,-0.03769043375936496,0.2642800833333333,0.169342,0.24686278035690812,-0.044798,1.038047,1.0828449999999998,0.095128,-0.24624217081925837,0.03246118333333334,0.0281525,0.01693526175320955,-0.000553,0.082215,0.082768,0.032179,-0.012590567017734904
stepwise_train_samples_20260525_204935.csv,40,Index,0.018359183333333338,0.01855,0.028102855178487752,-0.026334,0.0814,0.107734,-0.004864,-0.029500017983597616,0.15031081666666662,0.10079199999999999,0.12552064486669004,-0.076219,0.527165,0.603384,0.071181,-0.12234856805247951,0.006035233333333333,-0.0017315,0.043128544380091886,-0.068987,0.125496,0.19448300000000002,-0.030087,-0.034129665874103765,-0.0023037500000000002,0.0011605,0.016179185028532803,-0.04654,0.026563,0.073103,-0.012068,0.01197529873820215,-0.03324863333333333,-0.033713,0.008128347708209556,-0.049416,-0.012981,0.036435,-0.044966,-0.0024432069223845375,0.07027429999999998,-0.098605,0.28297150357926504,-0.199591,1.019994,1.2195850000000001,-0.198474,-0.20088666392415616,0.018723899999999998,0.016046,0.009934244673015324,0.004392,0.056812,0.05242,0.015487,-0.00453398902012277
stepwise_train_samples_20260525_204935.csv,41,Ring,-0.027523316666666665,-0.027867,0.011214087524912085,-0.047339,-0.000605,0.046734,-0.047339,-0.008805615603934943,-0.060257316666666665,-0.066047,0.053823272033415574,-0.137676,0.07039,0.20806599999999997,-0.124672,-0.05912304861497171,0.05808381666666667,0.0584415,0.01980090891978755,0.024233,0.098134,0.073901,0.025407,-0.01594733823400206,0.23433936666666666,0.208164,0.0730473926287965,0.157443,0.477281,0.319838,0.164703,-0.07229000004054645,0.036335900000000004,0.03714,0.02603486677304111,-0.010597,0.094976,0.105573,0.009555,-0.027520290785683195,-0.1488648333333333,-0.152762,0.03942113494483497,-0.216413,-0.052246,0.164167,-0.148246,-0.025524638938191936,0.01821508333333334,0.0176895,0.007934799059189982,0.003834,0.037518,0.033684000000000006,0.004933,-0.004842062018163017
stepwise_train_samples_20260525_204935.csv,42,Little,-0.01929636666666667,-0.019241,0.009100547333295704,-0.037964,0.003556,0.04152,-0.030083,-0.005763358689116993,0.0053337,0.0031765,0.019741566906994322,-0.040571,0.044512,0.085083,0.003813,4.032198063602364e-05,-0.0295428,-0.031269,0.01506713703594681,-0.055963,0.010346,0.06630899999999999,-0.016921,-0.006577418317194499,-0.046713216666666654,-0.05142,0.04237202464405482,-0.119758,0.066117,0.185875,-0.118744,-0.03419652385223436,0.11724113333333333,0.109017,0.04106764486489198,0.046566,0.208778,0.162212,0.046566,-0.043163349018502266,-0.02612088333333333,-0.030010999999999996,0.11881969940363307,-0.20823,0.371159,0.579389,-0.201324,-0.12061662439930404,-0.030235483333333334,-0.029794,0.003912547237166032,-0.042208,-0.019288,0.022920000000000003,-0.033955,-9.398119310516728e-05
stepwise_train_samples_20260525_204935.csv,43,Thumb,0.48637975,0.4805855,0.057164392593532384,0.409658,0.61732,0.20766199999999996,0.419327,-0.055655284369129344,0.17111623333333334,0.1517255,0.06368662723716459,0.087743,0.382317,0.294574,0.162422,-0.06185751874389887,-0.017441383333333334,-0.017489,0.014215774508260963,-0.046967,0.013254,0.060221000000000004,-0.034017,-0.010899813333424203,-0.02422405,-0.0252745,0.012149138105815024,-0.047422,-0.001196,0.046225999999999996,-0.024697,0.004710990032177636,-0.0622347,-0.061617,0.008507630477596763,-0.078222,-0.041123,0.037099,-0.058245,-0.00426969920216833,0.5766800833333334,0.09104000000000001,0.8682139376881771,-0.204589,2.602158,2.806747,-0.197051,-0.3396613750356851,0.12030553333333334,0.120335,0.015085343693429357,0.086124,0.15732,0.07119599999999998,0.120335,-0.01445992389300554
stepwise_train_samples_20260525_204935.csv,44,Thumb,0.2033998,0.1970425,0.027270237855459442,0.154273,0.302509,0.14823599999999998,0.154273,-0.01369585141611123,0.054042066666666666,0.047176499999999996,0.0318588011339968,-0.005675,0.126718,0.132393,0.016016,-0.024786776911562815,0.020995033333333336,0.01843,0.029308122895064813,-0.025699,0.08551,0.111209,-0.021295,-0.030879203608788704,0.00016196666666666676,0.0,0.008116968407738337,-0.01945,0.018802,0.038251999999999994,-0.006926,-0.0035914297084300236,0.004741099999999999,0.007031,0.00774036486586173,-0.013286,0.018307,0.031592999999999996,0.0088,-0.0013904253111416075,0.21427610000000002,-0.050713999999999995,0.698054205529764,-0.130348,2.192246,2.322594,-0.117036,-0.28011507180536244,-0.017822816666666668,-0.016399,0.013571893753257952,-0.042945,0.013385,0.05633,-0.034555,-0.013957282180151746
stepwise_train_samples_20260525_204935.csv,45,Middle,0.010870383333333334,0.0025735,0.03206459273460976,-0.025824,0.10452,0.13034400000000002,0.012313,-0.01728026429327811,0.20924690000000004,0.1841915,0.12087568691768967,0.042738,0.447361,0.404623,0.12123,-0.10990962321800583,0.19561225,0.17949700000000002,0.06855815606831546,0.105379,0.414807,0.309428,0.105379,-0.051592249145232326,0.21311038333333335,0.177624,0.07293738494331779,0.129053,0.407047,0.27799399999999996,0.154017,-0.07505825706701941,0.10828196666666666,0.09749050000000001,0.02943451200997828,0.07077,0.191125,0.12035499999999999,0.078493,-0.02632205225209693,0.5424922333333334,0.304847,0.4661818273814187,0.185954,2.113599,1.9276449999999998,0.235097,-0.4286964572989876,-0.014218350000000001,-0.0214955,0.023340391392623075,-0.043976,0.057915,0.10189100000000001,-0.006293,-0.018314417515714703
stepwise_train_samples_20260525_204935.csv,46,Index,0.062396400000000005,0.069516,0.023847027237652352,0.022841,0.113562,0.090721,0.029322,-0.023468838653857547,0.34413215,0.336092,0.12060179540631846,0.141647,0.71928,0.5776330000000001,0.271439,-0.03450815074921148,0.032616400000000004,0.025327,0.04640437686224579,-0.041962,0.179679,0.221641,0.010142,-0.015436213830597161,-0.024501483333333338,-0.0257575,0.014485250979866459,-0.057078,0.0,0.057078,-0.036356,-0.0038352888576410945,-0.02682316666666667,-0.028162,0.01236740380619779,-0.052445,-0.001794,0.050651,-0.037866,-0.008941108812214169,0.006306633333333326,-0.011883499999999998,0.14544255015583377,-0.258855,0.277354,0.5362089999999999,-0.180921,-0.07012842961528237,-0.0033425,-0.0056055,0.014244677036820924,-0.027064,0.030442,0.057506,-0.024892,-0.014692141882873594
stepwise_train_samples_20260525_204935.csv,47,Ring,-0.03388788333333334,-0.029823000000000002,0.019697467663883146,-0.066447,-0.007585,0.058862000000000005,-0.062992,-0.011653284909784846,-0.05905246666666666,-0.067063,0.029818938929516293,-0.104042,0.040882,0.144924,-0.073387,-0.022294096234307167,0.05772815,0.050499,0.034847583618679116,-0.017585,0.134969,0.152554,-0.017585,-0.03246370464586731,0.3406484833333333,0.2761355,0.16514498281494877,0.181007,0.964077,0.7830699999999999,0.237384,-0.16697090195256958,0.12463596666666664,0.1114015,0.03677319663603128,0.073885,0.197592,0.12370699999999998,0.121587,-0.036208988127682126,-0.14941166666666666,-0.150831,0.025901720225798817,-0.201476,-0.059413,0.142063,-0.172655,-0.01597572160613143,0.02329406666666666,0.023559,0.013245451908569303,-0.003856,0.066326,0.070182,0.002766,-0.011962950308079753
stepwise_train_samples_20260525_204935.csv,48,Little,-0.032389016666666666,-0.032419,0.009644803268240132,-0.052059,-0.009768,0.042291,-0.040576,-0.007971406961721847,-0.0480687,-0.049916,0.036557082820022714,-0.132013,0.034576,0.166589,-0.120319,0.0009815548957616547,0.005941516666666668,0.004013,0.023394271911796178,-0.036773,0.068245,0.105018,-0.005694,-0.006245991827581458,-0.04310445,-0.054879,0.05433043270072032,-0.111751,0.088241,0.199992,-0.095257,-0.054923354723458634,0.18852525,0.18982349999999998,0.037051528201332895,0.125315,0.313252,0.18793699999999997,0.138083,-0.030904290692775113,-0.18800336666666664,-0.203059,0.07096064459167177,-0.266404,0.018577,0.284981,-0.22065,-0.06593450543736319,-0.042750116666666664,-0.040010000000000004,0.009278296343423663,-0.062004,-0.021607,0.040396999999999995,-0.048785,-0.008670252286968003
stepwise_train_samples_20260525_204935.csv,49,Thumb,0.2794537333333333,0.27265,0.056404465031256366,0.175439,0.390935,0.21549599999999997,0.175439,-0.059893187121690276,0.16853796666666668,0.16766399999999998,0.05622305069363356,0.066017,0.273883,0.207866,0.066017,-0.059271977490961844,-0.02981635,-0.029984,0.010511827041995759,-0.046646,-0.005085,0.041561,-0.035941,0.0022908918590469067,-0.03792483333333333,-0.037592,0.010425351976738668,-0.065168,-0.0147,0.050468000000000006,-0.039839,-0.005003751803632547,-0.04594096666666667,-0.044607,0.0064818081761359005,-0.058857,-0.031185,0.027672,-0.054504,-1.52820879805233e-05,0.018235916666666664,0.012946,0.042579972254293316,-0.058445,0.169278,0.227723,-0.054542,-0.03992470601293723,0.03601668333333333,0.036079,0.011938493222194705,0.012209,0.083698,0.071489,0.021214,-0.007321105155762541
stepwise_train_samples_20260525_204935.csv,50,Index,0.022675349999999993,0.015107,0.03081786123220591,-0.024866,0.092375,0.117241,-0.003243,-0.027900142991624428,0.36274445,0.33629,0.12476297016188002,0.13528,0.849695,0.714415,0.194668,0.009815011233522504,0.09852286666666668,0.0937355,0.04294417259980942,0.010235,0.198849,0.188614,0.087367,-0.0057767258779851905,0.019800083333333326,0.0152445,0.022329574495342615,-0.009794,0.084144,0.093938,0.013467,-0.01885650086463875,0.03944663333333333,0.037557,0.016997606357922544,0.008767,0.085577,0.07681,0.023019,-0.010767806493940893,0.28710494999999997,0.267634,0.10792749514595823,0.128355,0.567192,0.43883700000000003,0.157311,-0.10615820247046542,-0.0195983,-0.014245,0.017991711426191045,-0.055337,0.018654,0.073991,-0.045693,-0.018171204774910018
