trial_id,accepted_index,target_label,status,open_high_adc_total,posture_high_adc_total,open_ref_samples_used,posture_samples_used,open_high_adc_Thumb,open_high_adc_Index,open_high_adc_Middle,open_high_adc_Ring,open_high_adc_Little,open_high_adc_ReverseHorizontal,open_high_adc_ReverseThumb,posture_high_adc_Thumb,posture_high_adc_Index,posture_high_adc_Middle,posture_high_adc_Ring,posture_high_adc_Little,posture_high_adc_ReverseHorizontal,posture_high_adc_ReverseThumb,feat_Thumb_mean,feat_Thumb_median,feat_Thumb_std,feat_Thumb_min,feat_Thumb_max,feat_Thumb_range,feat_Thumb_last,feat_Thumb_slope,feat_Index_mean,feat_Index_median,feat_Index_std,feat_Index_min,feat_Index_max,feat_Index_range,feat_Index_last,feat_Index_slope,feat_Middle_mean,feat_Middle_median,feat_Middle_std,feat_Middle_min,feat_Middle_max,feat_Middle_range,feat_Middle_last,feat_Middle_slope,feat_Ring_mean,feat_Ring_median,feat_Ring_std,feat_Ring_min,feat_Ring_max,feat_Ring_range,feat_Ring_last,feat_Ring_slope,feat_Little_mean,feat_Little_median,feat_Little_std,feat_Little_min,feat_Little_max,feat_Little_range,feat_Little_last,feat_Little_slope,feat_ReverseHorizontal_mean,feat_ReverseHorizontal_median,feat_ReverseHorizontal_std,feat_ReverseHorizontal_min,feat_ReverseHorizontal_max,feat_ReverseHorizontal_range,feat_ReverseHorizontal_last,feat_ReverseHorizontal_slope,feat_ReverseThumb_mean,feat_ReverseThumb_median,feat_ReverseThumb_std,feat_ReverseThumb_min,feat_ReverseThumb_max,feat_ReverseThumb_range,feat_ReverseThumb_last,feat_ReverseThumb_slope,source_file
1,1,Open,accepted,1,0,40,60,0,0,0,0,0,1,0,0,0,0,0,0,0,0,-0.0189236731048941,-0.0322694586744373,0.0371982000766572,-0.0659532489811847,0.0702910604505636,0.1362443094317483,-0.0612483749447232,-0.0347807433610104,-0.1781929212849693,-0.176478566260215,0.037279818131879,-0.2502569850544734,-0.1100673121353343,0.140189672919139,-0.2316518808678651,-0.0390096851948662,-0.0017503512329216,-0.0028375565209303,0.0153626153248975,-0.0333283690517735,0.0373159109982202,0.0706442800499937,-0.0245913263578316,-0.0144808960626871,-0.009036072984725,-0.0112160867443109,0.010843552233823,-0.0331395941674314,0.0113909283147601,0.0445305224821915,-0.0167598176924739,-0.0069459305152889,-0.0625349009795834,-0.0676375545794176,0.0207129940081165,-0.0872978234465509,0.017379824305483,0.104677647752034,-0.082980016348641,-0.0161108753114369,-0.0728633646325485,-0.0850362947735782,0.0600892735612586,-0.1499554425226721,0.1002693821102894,0.2502248246329616,-0.1081669107275412,-0.0584687612102754,0.0063891690547325,0.0046001415428166,0.0190481756373953,-0.0281020319930825,0.0559677567097187,0.0840697887028013,-0.02367941712204,-0.0063341326929097,posture_train_trials_20260526_100125.csv
2,2,Open,accepted,0,0,40,59,0,0,0,0,0,0,0,0,0,0,0,0,0,0,-0.0033585936120157,-0.0049011863384366,0.0172731777409589,-0.0370923913043478,0.0314444256059445,0.0685368169102923,-0.0073387096774193,-0.0162693684799146,-0.0010576027209227,-0.0019326672390988,0.0260554030240437,-0.0490919692291829,0.0585724303419373,0.1076643995711202,-0.0394420579513299,-0.0112054998763885,0.0070450645384088,0.0,0.0193566890988351,-0.0241267348539058,0.0639680922128913,0.0880948270667971,0.0033521318303267,0.0131142567317627,-0.0060232423310654,-0.0072128208923557,0.0098545324619449,-0.0268239928598109,0.0186301793851989,0.0454541722450099,0.0129352348704063,0.0057222694949089,0.005651359839285,0.0,0.0255291857814108,-0.0333929647992513,0.0615326082252643,0.0949255730245156,0.0412675171318142,0.0236675608043274,-0.0066273720699468,-0.0059433710058396,0.036976195617625,-0.0830893198899404,0.1390578790767629,0.2221471989667034,-0.0292175956812603,-0.0072030850031918,-0.0140955531294868,-0.014095573052134,0.0127773353133735,-0.0468335738258731,0.0132137212641875,0.0600472950900607,-0.0317432969866077,0.0001519271109113,posture_train_trials_20260526_100125.csv
3,3,Open,accepted,3,0,40,60,0,0,0,0,0,3,0,0,0,0,0,0,0,0,-0.0858061665354686,-0.0904389392673905,0.020928475432373,-0.120409337138863,-0.0438379464976032,0.0765713906412598,-0.0882425446722045,-0.0197466629770337,-0.0904422337494654,-0.091882671545007,0.0161057893901399,-0.1247653675142546,-0.0508013112111421,0.0739640563031125,-0.1088391206619403,-0.0064370995597925,-0.050143657627009,-0.0479760467768549,0.0135874232804314,-0.0854516150569588,-0.0314388975876975,0.0540127174692612,-0.0713142622696445,-0.0121882349968584,-0.021986551321256,-0.0225457234092357,0.0088256024799999,-0.0449384435305186,-0.0061173293443531,0.0388211141861655,-0.0268648339894217,0.0038089226187487,-0.07027981422932,-0.071621565964678,0.0103094719869063,-0.0899828520646365,-0.0425092879131982,0.0474735641514382,-0.073808719161879,-0.0068919611231068,-0.1357338627245428,-0.1395927336557658,0.0230355141419879,-0.1747823459979958,-0.088207121498022,0.0865752244999738,-0.1485840386868825,-0.0156206478951091,-0.1017390744492233,-0.10135491911685,0.0105191337987247,-0.1210945224647764,-0.0779058143882416,0.0431887080765347,-0.1210945224647764,-0.007281304686532,posture_train_trials_20260526_100125.csv
4,4,Open,accepted,0,0,39,59,0,0,0,0,0,0,0,0,0,0,0,0,0,0,0.0891153530692734,0.0702063313346077,0.0647236018589522,-0.0024256446617157,0.2376845373064609,0.2401101819681767,0.0159763537360089,-0.0420835253743584,0.1581553370393222,0.1500843488177028,0.1053410450317148,-0.020259364390271,0.3501346671796844,0.3703940315699555,0.0775120818427163,0.0009913703720677,0.0533615099414713,0.0535533175009287,0.028626100403932,-0.0065717256918365,0.1123469443450522,0.1189186700368888,0.0337466994986204,-0.0168914926496871,0.0410666202939457,0.0374841891532044,0.0335706030329279,-0.0303896748257085,0.1262042937784123,0.1565939686041209,0.0100390393466057,-0.0067340033640776,0.0660708679703214,0.0487258401042817,0.0351881229799804,0.0082915477700465,0.139737157900524,0.1314456101304774,0.0082915477700465,-0.0319688697797,0.643511915334191,0.0720516399162596,1.5460003910180746,-0.0273676741765332,6.44571112063813,6.473078794814663,-0.0217528785764131,-0.4272350250936316,0.0195471728347399,0.017865235266498,0.0268730664093631,-0.0270844869318508,0.0876063506153767,0.1146908375472275,-0.0270844869318508,-0.0208038675857528,posture_train_trials_20260526_100125.csv
5,5,Open,accepted,0,0,41,60,0,0,0,0,0,0,0,0,0,0,0,0,0,0,-0.0452766595975985,-0.0449334703966365,0.0071132983356186,-0.0685329403738881,-0.0322299486518748,0.0363029917220132,-0.0460764811018771,-0.0028098960535974,-0.0672082651702794,-0.0692764810168192,0.0160540828892973,-0.0986015320111551,-0.0148717945331752,0.0837297374779798,-0.0148717945331752,-0.0006186376700401,-0.0489791960319069,-0.0483538262185675,0.006132680883129,-0.0590734951354269,-0.0353830645161289,0.0236904306192979,-0.0498951104787898,-0.0030717930126712,-0.0160155337248673,-0.0163455609926924,0.0060327350212637,-0.0302255289467566,-0.0032979361121186,0.026927592834638,-0.0152669763557597,-0.0029410440275184,-0.0223040278303997,-0.0220999261489518,0.007810347484018,-0.039064560478101,-0.0047108222369215,0.0343537382411795,-0.0140387966745707,-0.0008721815401275,-0.099656751376094,-0.1016255383978783,0.0101718871306749,-0.117346512016952,-0.0773305693330014,0.0400159426839505,-0.1095324682609427,-0.0094255020700226,-0.0605708952199113,-0.0636132315521628,0.009193392662666,-0.0756889636434208,-0.0419764534450497,0.033712510198371,-0.071686525528188,-0.0094802933363156,posture_train_trials_20260526_100125.csv
6,6,Open,accepted,0,0,39,61,0,0,0,0,0,0,0,0,0,0,0,0,0,0,0.0007045845777192,0.0011939384662484,0.0104882453602471,-0.0269109149711089,0.0242712404470887,0.0511821554181976,0.0132460555161022,0.0060386641963403,0.0044407816670139,0.0039866753853219,0.0207283602624875,-0.0385869845174632,0.0494811892939113,0.0880681738113745,0.0093397894580446,0.0118142197673686,-0.0115209714181696,-0.0117560381329392,0.0063374282374536,-0.0233330916022626,-0.0010762358709546,0.0222568557313079,-0.0021509612354239,0.0039108028383098,-0.0029482533061343,-0.0032811404533768,0.0065720418808582,-0.0162637639632058,0.0132693180099804,0.0295330819731862,-0.0076337870108177,0.0044647279447253,-0.000315369351116,0.0023410487898578,0.0064567853822405,-0.013886416236425,0.0094106291850153,0.0232970454214404,-0.013886416236425,-0.0003397230620545,-0.0070295789296033,-0.0054864755363482,0.0069449027377634,-0.0217071867485974,0.0099780701754385,0.0316852569240359,-0.0206367924528301,0.0013164451120045,0.0031644350618838,0.0032346082279901,0.0074509932740585,-0.0159710184192579,0.022932336340933,0.0389033547601909,-0.0159710184192579,0.0011827535684747,posture_train_trials_20260526_100125.csv
7,7,Open,accepted,0,0,40,60,0,0,0,0,0,0,0,0,0,0,0,0,0,0,0.0140944172432507,0.0165262744383074,0.0107640894891766,-0.0060226185727849,0.0334496879662808,0.0394723065390657,0.0122038662563546,0.0032826071494256,-0.0079466962847361,-0.0071217955640913,0.015586031808895,-0.0422286378380179,0.0218304033009851,0.0640590411390031,-0.0311486831914396,-0.0108773591378913,0.0102112425884449,0.0108425294045689,0.0080262697282778,-0.0138696851436874,0.0307505318184597,0.0446202169621472,0.0108425294045689,0.0025124609788072,0.0192985475199875,0.018258977848018,0.0087236147696591,0.0010941451079557,0.0369651966115716,0.0358710515036158,0.0099048084882233,-0.0090313184222742,0.0024944543040427,-0.0023258589484034,0.018426870915963,-0.0418511456549138,0.0358374946834485,0.0776886403383624,0.027315272800357,0.0150326511171972,0.0522352143717743,0.0550030003184369,0.0140143721371276,0.0210794019253089,0.0819067371175318,0.0608273351922229,0.0427570243682889,-0.0118234610760585,0.0082696077883495,0.0086791343119878,0.009850171658315,-0.013896622286752,0.0274532918608732,0.0413499141476252,0.0086791343119878,-0.0070198146844233,posture_train_trials_20260526_100125.csv
8,8,Open,accepted,0,0,40,60,0,0,0,0,0,0,0,0,0,0,0,0,0,0,-0.0293510905560412,-0.0286797306395662,0.0047215446224504,-0.042302735819937,-0.0171168176494875,0.0251859181704494,-0.0252311935241835,-0.0001044923485888,9.701787389030484e-05,-0.0012975519519839,0.0147148671819028,-0.0329361526787266,0.0278438928802589,0.0607800455589855,-0.0329361526787266,-0.0044910747431554,0.0073410935337673,0.0081285527753827,0.006726788045263,-0.0075093818153239,0.0196541656112095,0.0271635474265335,0.0032410186058475,0.001433326929908,-0.0075947161468087,-0.0070485164167742,0.0041514792796323,-0.0161677753141166,0.0,0.0161677753141166,-0.0097422989446436,-0.0017974090557278,-0.0424044912297287,-0.0418125731997303,0.0101352745628419,-0.0663770423705345,-0.0220788043478262,0.0442982380227083,-0.0412567438908283,-0.008354054069573,-0.0087785869703387,-0.0076650113987527,0.008389062975805,-0.0323042781031728,0.0044142369381903,0.0367185150413632,-0.0054832544450415,-0.004483213873464,-0.0174946638546107,-0.0196063409842038,0.0071783540391816,-0.0305138129894209,-0.0053488075620514,0.0251650054273694,-0.0232597767743034,-0.0066349581603618,posture_train_trials_20260526_100125.csv
9,9,Open,accepted,0,0,38,60,0,0,0,0,0,0,0,0,0,0,0,0,0,0,-0.0033674038828477,-0.0005889475471377,0.0075313566125311,-0.0282819721779667,0.0065079688820837,0.0347899410600504,-0.0271497607627879,-0.0058322579026058,0.005334768834091,0.0057048418121961,0.0085803969240658,-0.0131280711915605,0.0224594762849824,0.0355875474765429,0.0185565117499184,0.0022307773686598,-0.0065210650844134,-0.0069844238249046,0.0073607504144017,-0.0212890728569779,0.0097775400712004,0.0310666129281784,-0.0064496009752364,-0.0048668952962128,-0.0075368371296617,-0.0065065754280781,0.0043862253882338,-0.0182911689243248,0.0,0.0182911689243248,0.0,-7.427064696156782e-06,-0.0121387732715108,-0.009825652566733,0.0071554307641432,-0.0301923671787428,-0.0029041734756431,0.0272881937030996,-0.0075259775726942,-2.1096831617127947e-05,-0.0151765096989269,-0.0147477220116291,0.0092587711470889,-0.0339620628664878,0.0139162946734879,0.0478783575399758,-0.0093203403321568,-0.0037084987788328,-0.0094621500597287,-0.0159255898366606,0.0122486092581641,-0.0263608507570294,0.0129822095646707,0.0393430603217001,-0.0159255898366606,-0.0120493477003861,posture_train_trials_20260526_100125.csv
10,10,Open,accepted,0,0,40,59,0,0,0,0,0,0,0,0,0,0,0,0,0,0,-0.0015844329755368,-0.0005892344915856,0.0055623346323062,-0.0157326579985631,0.0148856107419757,0.0306182687405388,0.0005892344915856,-0.00302265403394,-0.016477393532155,-0.0169426808214367,0.0131573505850206,-0.0388820844027319,0.014775401848424,0.053657486251156,-0.0181807757104255,-0.0090840550840073,0.022985643750277,0.0185364918461004,0.0134748694321232,-0.002151666477509,0.05583041297327,0.0579820794507791,0.0397918579736761,0.0124887163189866,0.0123578510315917,0.0121989515136412,0.009844699924096,-0.0065725281020705,0.031448864642797,0.0380213927448675,0.021197027503057,0.0090577805506016,-0.0035877602082017,-0.0034394689481729,0.0080853646851467,-0.0259506040804332,0.01274900491784,0.0386996089982733,-0.0068616613390169,0.0029464662421445,-0.0282221758935304,-0.0280970929127873,0.0073437274504589,-0.0407122405153902,-0.012017383787937,0.0286948567274531,-0.0217071867485974,-0.0034082991416433,-0.0066549494057774,-0.0074971753185611,0.0066417816399995,-0.0212277905213638,0.0064850226857021,0.0277128132070659,-0.0106878596875856,-0.0032915455835568,posture_train_trials_20260526_100125.csv
11,11,Fist,accepted,0,0,41,60,0,0,0,0,0,0,0,0,0,0,0,0,0,0,0.4072739813561376,0.4549158659608128,0.244201144753511,-0.0152034538271663,0.8178214408824542,0.8330248947096206,0.3795221040346305,0.1230848624693172,1.105641843070599,1.0347384888151945,0.648127649637507,-0.0357837193493332,2.4853538955563677,2.521137614905701,1.1355310208172005,0.2043616530043874,0.7862453348366024,0.829037832053349,0.2855526233043493,0.09464551970619,1.320701635303259,1.226056115597069,0.7475444773906599,0.0988713047071368,0.3480472781821636,0.3995945903589458,0.1485958742488061,0.0122089217688504,0.5955177357200163,0.5833088139511658,0.3372202183902367,0.0975314997981565,0.5615714127255474,0.6634532348969613,0.2559901475329996,0.033183593309104,0.9085253287950208,0.8753417354859168,0.6898128166340516,0.2241757057082984,1.1108872593876709,0.9452977424608604,0.918508557967294,0.0089134707683869,4.037999240858673,4.029085770090286,0.9722261344750852,0.258862874546367,0.2314871650192351,0.2651205829269114,0.1220487197351516,-0.0053202892054643,0.4543792758625924,0.4596995650680567,0.2491505491727976,0.0760955455147933,posture_train_trials_20260526_100125.csv
12,12,Fist,accepted,5,4,41,60,0,5,0,0,0,0,0,0,4,0,0,0,0,0,0.0968628196577457,0.0963296176871335,0.0383951497207925,0.0259966493207541,0.2211905438600053,0.1951938945392512,0.073987968762935,-0.0322554579012447,0.263502482924066,0.2284695053793488,0.1075900351589834,0.1295431620733413,0.5139426674909705,0.3843995054176292,0.2899824786445834,-0.0590759735546126,0.1042022571498492,0.074360588942331,0.0818166047366928,0.0014502515894332,0.3487792018170018,0.3473289502275686,0.0654937781189744,-0.0402209569529425,0.0224741202845666,0.0182109250834601,0.0761693028440219,-0.0859608363757052,0.2251340083382966,0.3110948447140018,-0.0255425129353617,-0.0151756217332254,0.2891697697268048,0.2779935723149993,0.0695900985534736,0.1771972760161736,0.5599448073050409,0.3827475312888673,0.2264164000984252,-0.0567150796285092,-0.2892893825725531,-0.2988483144278352,0.0409280098752715,-0.3502257362462884,-0.1749372647427854,0.175288471503503,-0.2758070035359872,-0.020764960646653,-0.2266383848302049,-0.2444298312424515,0.0337707389229133,-0.270229372411596,-0.1467329478124851,0.1234964245991108,-0.2474538769400969,-0.0336256470368955,posture_train_trials_20260526_100125.csv
13,13,Fist,accepted,5,5,40,60,0,5,0,0,0,0,0,0,5,0,0,0,0,0,0.1926459253216561,0.1793695560222824,0.0644363985486572,0.1061387205192025,0.3910280936379892,0.2848893731187866,0.1177374073316228,-0.0644072408308574,0.2570815141215324,0.2183881635578428,0.1525210545358101,0.0847666881945349,0.858498986910697,0.7737322987161621,0.0972000923089142,-0.1490896375102124,0.1841323482186397,0.154128857708639,0.1253921552950114,0.0590675984107752,0.7815483693183848,0.7224807709076095,0.1508575364925125,-0.0781839896371478,0.1697104802027332,0.1443210793400611,0.0990849868623845,0.0055919228967681,0.4516925728696497,0.4461006499728815,0.0587260356767214,-0.0961513812636054,0.226808053602958,0.2188458325322615,0.0668201152831321,0.1079362745540929,0.4039994538858142,0.2960631793317212,0.1617332437723652,-0.0543612747888626,-0.2393171231858069,-0.2541021172170771,0.0559105841896264,-0.3129960391673481,-1.4079400018248506e-05,0.3129819597673298,-0.3129960391673481,-0.0497033167301553,-0.1800350800595885,-0.1946542000676085,0.0377235265334386,-0.2267018403426784,-0.0708233293244002,0.1558785110182782,-0.2015771989406312,-0.0344179203372032,posture_train_trials_20260526_100125.csv
15,14,Fist,accepted,0,0,40,60,0,0,0,0,0,0,0,0,0,0,0,0,0,0,0.5689625585815775,0.5473199839245819,0.0692819170393776,0.4729414935532601,0.7404441914562944,0.2675026979030342,0.4816466896084477,-0.0573347192325267,0.3549347331340489,0.3225658897986284,0.1378794234912462,0.1888611430054946,0.8587701501554549,0.6699090071499603,0.1946700563555177,-0.1235729498383325,0.2324827461921246,0.2413797344968144,0.0482320343278981,0.1428659978739082,0.3948072906938337,0.2519412928199254,0.1971447236859113,-0.0014141876647926,0.1429862419703823,0.1633362520601216,0.0810459889302956,-0.0169027956643338,0.2916162428508534,0.3085190385151872,0.0480595746662167,-0.0589209224481677,0.3569973877813499,0.3555985083726251,0.0689552049020789,0.23129678050299,0.5490605980611005,0.3177638175581105,0.2905818324018899,-0.0608568907812604,0.0566088478206735,0.035834258489827,0.066529585553453,-0.0448975608620582,0.2415320355867571,0.2864295964488154,-0.0333170823573389,-0.0608428429567713,0.0863522280178002,0.0728209672009257,0.0483485550168169,0.0198048975099788,0.1977209810091715,0.1779160834991927,0.0598446971749159,-0.0328072832521394,posture_train_trials_20260526_100125.csv
16,15,Fist,accepted,1,0,40,59,0,1,0,0,0,0,0,0,0,0,0,0,0,0,0.2212706735550487,0.1884379160694807,0.1183393358613367,0.050798348770153,0.6102181477416682,0.5594197989715152,0.2465997869086911,-0.0073482778957597,0.1227237396512871,0.1015228589478364,0.148870797950358,-0.0766896220837857,0.5265116048810314,0.6032012269648173,0.0267395276472267,-0.1382371327286278,0.1523739482137902,0.1454526196000408,0.0891591754471323,0.0045390169317125,0.4591708570660338,0.4546318401343213,0.0392485751659568,-0.0801481253675927,0.0826060734304101,0.0819264278799612,0.0854462429150755,-0.0798108340498711,0.2421774193548385,0.3219882534047096,-0.0798108340498711,-0.0807472892526317,0.3640568042341527,0.3674315892065469,0.0559034796448224,0.2430210578243885,0.5082741374944334,0.2652530796700448,0.3392778454984667,-0.0157043195445367,-0.2890912813390524,-0.303738726203253,0.0839179726077086,-0.3895794554188845,0.0088821437196807,0.3984615991385653,-0.3704293172588714,-0.0712616608135216,-0.1492608465244538,-0.1739235855553721,0.0554636672564401,-0.2155781842247758,-0.0112713177915249,0.2043068664332508,-0.2074839757066959,-0.0518499609842061,posture_train_trials_20260526_100125.csv
17,16,Fist,accepted,0,0,40,60,0,0,0,0,0,0,0,0,0,0,0,0,0,0,0.2069976982216169,0.199620648171669,0.0566253631719325,0.1198478354273131,0.3933649609494809,0.2735171255221678,0.127765079260376,-0.0429384145008617,-0.2506527043444214,-0.3013534052383919,0.1325421118768483,-0.3634038335305349,0.1850003606807598,0.5484041942112947,-0.323035723616289,-0.1095034918277097,0.0493260122384836,0.0304632926846455,0.0871244432611606,-0.0673960794928116,0.3842240895510241,0.4516201690438358,-0.0625064910484394,-0.0740427211696229,0.0696138771144831,0.0609430332239816,0.1055344334933893,-0.0793160517384905,0.3184536306573542,0.3977696823958447,-0.0793160517384905,-0.0981850231206706,0.3852528150653037,0.3635402491187333,0.1283468781173359,0.1848242171374951,0.6982480445637432,0.5134238274262481,0.4245172742228766,-0.1068205396820606,-0.2000677199756854,-0.2129248636481047,0.0698253295168221,-0.2857524561433337,0.0681587995669492,0.353911255710283,-0.2735783250453728,-0.0671460448833701,-0.0763368201197362,-0.099127624812343,0.0766991287995054,-0.1506472017426274,0.2059899172397714,0.3566371189823989,-0.1357850139918984,-0.0632995940421344,posture_train_trials_20260526_100125.csv
18,17,Fist,accepted,0,0,39,60,0,0,0,0,0,0,0,0,0,0,0,0,0,0,0.1506639993546652,0.1144166102359874,0.1132426235368233,0.0027551119268425,0.4470169101302,0.4442617982033575,0.0266535531390764,-0.0913165060744574,-0.2157405297503468,-0.2430982748138512,0.1064676664904444,-0.3533537133609064,0.075985761226725,0.4293394745876314,-0.3043927534957348,-0.1071584898148075,0.0448324819205204,0.022553128367411,0.1081471046802482,-0.1023204992869973,0.3550228213835094,0.4573433206705067,-0.0808362923757201,-0.1123100049230111,0.1673542736874797,0.1510686377067649,0.0799295693109496,0.0373073591916708,0.4678826939681756,0.4305753347765048,0.1443891749581778,-0.0385595337824454,0.4350152455694159,0.4013373114309976,0.1443554606457837,0.206044291457294,0.7710919728158367,0.5650476813585428,0.206044291457294,-0.1321062945854036,-0.1611641408652724,-0.1504689396039293,0.1224301724314642,-0.3646363677202949,0.0790839522663814,0.4437203199866764,-0.3391497503830102,-0.1161746309524154,-0.0876498076293574,-0.1015251870347307,0.0474751304676849,-0.1515341980458259,0.0754343498325943,0.2269685478784202,-0.1354820032809032,-0.0412101319028628,posture_train_trials_20260526_100125.csv
19,18,Fist,accepted,0,0,40,59,0,0,0,0,0,0,0,0,0,0,0,0,0,0,0.2307678748130432,0.1956685515084411,0.1106662755491526,0.0768198514384703,0.5665826491801725,0.4897627977417021,0.2010648416681174,-0.0837258990267003,-0.1643824721880517,-0.166560910689621,0.0889236349743762,-0.2993645182233048,0.1303500716295122,0.429714589852817,-0.2579875277342342,-0.075858789469243,0.2461966540621418,0.2357512953367875,0.0660549016428141,0.1365317605797659,0.4036706522322746,0.2671388916525087,0.2017979837801305,-0.0326719141286281,0.089269097656839,0.071715184408374,0.0746903660257932,-0.0344324738078133,0.3321293199492329,0.3665617937570462,0.1190000629107903,-0.0253903751118306,0.4335147024984973,0.4204250549252688,0.0701581741052169,0.3001052947237647,0.6200818579491247,0.31997656322536,0.3714912280701753,-0.0078509204206421,-0.0732329113656636,-0.1161711999201338,0.1247819191828075,-0.2092133016179876,0.3054178619013061,0.5146311635192937,-0.1962595458889635,-0.1286863833788973,-0.0943114801911247,-0.1086374199846637,0.0663135985610527,-0.18078007484202,0.0925738806309836,0.2733539554730037,-0.18078007484202,-0.0692458331116056,posture_train_trials_20260526_100125.csv
20,19,Fist,accepted,0,0,39,60,0,0,0,0,0,0,0,0,0,0,0,0,0,0,0.1824151774461261,0.1620388596335488,0.0912841081126633,0.0347437160962418,0.4839750440144034,0.4492313279181615,0.0491631038494889,-0.0803252221690181,-0.0152128247415929,-0.05023303988813,0.1819580363876209,-0.2466767250980276,0.589140196241477,0.8358169213395046,-0.2466767250980276,-0.1714058846591462,0.1091477807092782,0.1217955078739443,0.0767331975522994,-0.0921883456611943,0.2549161104095255,0.3471044560707199,-0.0921883456611943,-0.0599788296106373,0.0036584460849814,-0.0231964952651959,0.0644802684399856,-0.0579658201250532,0.223245695241622,0.2812115153666752,-0.0376635493066561,-0.0544095104043578,0.5690042197713363,0.4935932606178561,0.2134917900187311,0.2797366078177757,1.2180235531462391,0.9382869453284636,0.3900181837527391,-0.2018917693353327,-0.2170898054088851,-0.2589293634308054,0.0953351760117934,-0.3233515411626999,0.0245848676987409,0.3479364088614408,-0.278969957081545,-0.0961636404260871,-0.1185409615478754,-0.1448826597131682,0.0536103871533129,-0.1842686002522068,0.011604774535809,0.1958733747880158,-0.1649038461538461,-0.0509473688112594,posture_train_trials_20260526_100125.csv
21,20,Fist,accepted,0,0,41,60,0,0,0,0,0,0,0,0,0,0,0,0,0,0,0.1459368395944292,0.111584210430717,0.1100073507255959,0.0257155605499735,0.4528013582342954,0.4270857976843218,0.0257155605499735,-0.110222716500974,0.0010101222941621,-0.0637801411539947,0.1652879337994592,-0.1896014742151255,0.5030498830677245,0.69265135728285,-0.1603328243402401,-0.1655039410713025,-0.1399810646907965,-0.1417814802947773,0.0405341557688962,-0.2207341195192699,0.0233075766448138,0.2440416961640837,-0.1449877761342737,-0.0146939557665497,0.128994369281496,0.1179963138493944,0.0866544158999952,0.0110214693617805,0.3499877744887396,0.3389663051269591,0.0529779334077942,-0.0878048412180946,0.2306228131521865,0.2022237127231451,0.118857763086591,0.0776376907763769,0.6149626670159812,0.5373249762396043,0.2004870129870131,-0.1038740179547145,-0.0918346264723442,-0.1287891855804285,0.1054565802626553,-0.2055356027482823,0.2920157363820927,0.4975513391303751,-0.1754609890557532,-0.1011047101919327,-0.093499098751377,-0.0954045796379668,0.0424882463060911,-0.1576341772081329,-0.0024508835749504,0.1551832936331825,-0.1449891125391683,-0.0462397664199444,posture_train_trials_20260526_100125.csv
22,21,IndexPoint,accepted,0,0,41,59,0,0,0,0,0,0,0,0,0,0,0,0,0,0,0.0571248977806808,0.0325493820625005,0.0682587920166317,-0.0490072002886576,0.2555152006539488,0.3045224009426065,-0.0478254190282909,-0.0667018294221395,-0.0663630147735184,-0.0780858498143101,0.0632262457258601,-0.1670094611271082,0.1091100932831345,0.2761195544102428,-0.151889632858491,-0.0611422109515268,-0.0861634519081338,-0.091891783887468,0.0414331581768511,-0.1645306581631,0.0192319046328326,0.1837625627959327,-0.1326176684509265,-0.0377218564767759,0.04512161177629,0.021875,0.0637790350682328,-0.035,0.1980487804878049,0.2330487804878049,-0.0059574468085105,-0.0656337252175304,0.1358414223137793,0.1333007812499999,0.0641888450249006,0.0238747667910447,0.2750900556456367,0.251215288854592,0.0388905699823944,-0.0680591263651035,-0.1650890086789859,-0.2054325193348254,0.0777890296967027,-0.2566005044985909,0.0370528011917699,0.2936533056903609,-0.2214126081961647,-0.082485672562848,-0.0970988735238985,-0.1173387096774193,0.0823077499458076,-0.2061561191824673,0.129763939329203,0.3359200585116704,-0.2061561191824673,-0.0710556539396019,posture_train_trials_20260526_100125.csv
23,22,IndexPoint,accepted,1,0,39,59,0,1,0,0,0,0,0,0,0,0,0,0,0,0,0.0430855106180776,0.0350876691905416,0.0402378216813286,-0.0417386893637839,0.1506266700630846,0.1923653594268686,-0.0025286440725063,-0.0319688653787656,-0.1735668339422547,-0.217304243352893,0.1245457573281901,-0.309321257492867,0.2521068760773798,0.5614281335702469,-0.1508781415467224,-0.1013646897417076,-0.1342651989329205,-0.171385371719601,0.0903177255597584,-0.2194905213270141,0.142044361999344,0.3615348833263582,-0.1786672757380231,-0.0830725140281109,0.1268838610412159,0.1065557134158717,0.0869135420139542,0.0093926811632015,0.4455142380838975,0.436121556920696,0.0482348347382687,-0.0803610166647072,0.2550332434784644,0.2614545286421008,0.0676771548921277,0.0296088742686197,0.4016694059469895,0.3720605316783698,0.2315509119197856,-0.0233958008712167,-0.1902745314573007,-0.2419354838709677,0.1604706358721016,-0.3383306662174682,0.3602726868547153,0.6986033530721836,-0.2912079804031519,-0.1399177048820649,0.0193541059534299,0.0024173325399523,0.0517510280289479,-0.0589307557623582,0.1335524575918999,0.1924832133542582,-0.0589307557623582,-0.0280640202581527,posture_train_trials_20260526_100125.csv
24,23,IndexPoint,accepted,3,0,41,59,0,3,0,0,0,0,0,0,0,0,0,0,0,0,0.03254607979773,-0.013394768769626,0.0865356115142899,-0.0554651621202898,0.2707866137657408,0.3262517758860307,0.0834734750038221,-0.0276782562065829,-0.2980498190202796,-0.3481987411276282,0.1358314184788992,-0.4399491094147583,0.1114543809395262,0.5514034903542845,-0.39413134102106,-0.1242183616806273,-0.1793706595183426,-0.2009486824804714,0.0517509122528762,-0.2421197454733065,-0.0067486524943316,0.2353710929789749,-0.2096267848657406,-0.0407846075811793,0.0563279865352263,0.0210491146007351,0.1025220387291842,-0.0617698966299689,0.3549190535491906,0.4166889501791596,-0.0182070400554881,-0.1054000130745299,0.1818151272611458,0.158544955387783,0.1049451596903899,0.0466814861860907,0.501110205458276,0.4544287192721852,0.0734107289284018,-0.1044774419722372,-0.0448749794263964,-0.0721405665167356,0.1131885320011615,-0.1737597680605205,0.4490420972350528,0.6228018652955732,-0.0853838656190248,-0.0438057038097635,-0.017420276702228,-0.0232885873978884,0.0280284676564045,-0.0644047004132231,0.0787569236855988,0.143161624098822,-0.0232885873978884,-0.012500818140194,posture_train_trials_20260526_100125.csv
25,24,IndexPoint,accepted,0,0,41,60,0,0,0,0,0,0,0,0,0,0,0,0,0,0,-0.0488187838766067,-0.0632803107465261,0.0359063659103107,-0.1074257831926495,0.0528065853251193,0.1602323685177689,-0.0727998747529035,-0.0334447758263913,-0.3867650311334211,-0.4088728290526479,0.0599538518679323,-0.4524981064000786,-0.2180625423538111,0.2344355640462675,-0.4038911203853386,-0.0507291054249175,-0.1677279229751125,-0.165887377618866,0.021578921074105,-0.2203916206041533,-0.1135892876202329,0.1068023329839203,-0.1725512352176335,-0.0081456604011995,0.0375880836373573,0.0130422204341972,0.0579770759064455,-0.0321475433736696,0.1478908845764916,0.1800384279501612,-0.0139583555841375,-0.0543154267874843,0.0737457349438308,0.0674544012045659,0.038220694419143,0.0037543778154012,0.1635231566933518,0.1597687788779506,0.0319309598844215,-0.0368153282756897,0.164426171606001,0.1255827828149957,0.1032710757784138,0.0526102792391745,0.4409572088862383,0.3883469296470637,0.0885310345055025,-0.0909054591632345,0.0016879989245794,-0.0017547334430049,0.0384903911677755,-0.0650410110808786,0.138004246284501,0.2030452573653796,-0.0542562864254944,-0.0364154167754533,posture_train_trials_20260526_100125.csv
26,25,IndexPoint,accepted,1,0,39,60,0,1,0,0,0,0,0,0,0,0,0,0,0,0,0.0493326491901259,0.0454748045002093,0.0439834539644045,-0.0449444684434701,0.1999090062251033,0.2448534746685734,0.0328965083256595,-0.0036599759048037,-0.287545394258121,-0.3165165052100294,0.1217176008289936,-0.4274842629419686,0.1622739467408584,0.5897582096828271,-0.4172555340299171,-0.1174161480450276,0.0498025662781149,0.0209030452381505,0.107637509290384,-0.0831611208281073,0.3376354594078675,0.4207965802359748,-0.038779258305254,-0.1036792268035043,0.1151677941740856,0.131312725009625,0.1316429448888061,-0.0469903909991776,0.3954725303236688,0.4424629213228464,-0.0371820499310068,-0.1142999597779672,0.281285262493213,0.2760382748049431,0.0890362242094726,0.004911679722499,0.4578880077547233,0.4529763280322243,0.1689177972624238,-0.0253149262036122,0.1170130949392105,0.0092471460102612,0.2229237484372823,-0.0843022451648763,0.8729335739638409,0.9572358191287172,-0.0235244621966302,-0.1731751677618474,0.3049795534582464,0.3397990513403313,0.1876245557919466,-0.0419924062315317,0.7021066662050579,0.7440990724365896,0.112819038549649,0.094394023082541,posture_train_trials_20260526_100125.csv
27,26,IndexPoint,accepted,0,0,40,60,0,0,0,0,0,0,0,0,0,0,0,0,0,0,0.0836092426403519,0.105092942179676,0.0631042707465165,-0.0257496966000339,0.1772663323833916,0.2030160289834255,0.0941509758730162,0.0461059520630106,-0.1295913586803564,-0.1449732570242447,0.2327280425446563,-0.3554886846056407,0.7703773132215944,1.1258659978272352,-0.338491409834643,-0.1248261111561284,-0.0039679744149739,-0.0331626102124247,0.0786530568272869,-0.0813535734869573,0.250321866039843,0.3316754395268004,-0.0331626102124247,-0.0146042347029668,0.0380281007526764,0.025257460027067,0.1004139748848066,-0.087562478597714,0.3347438076053076,0.4223062862030216,0.0011816473289145,0.015397435737666,0.1806426901698618,0.2213206454820036,0.1608771661050448,-0.0603261241624261,0.4331000447704103,0.4934261689328365,0.1618567779584387,0.1102550997558764,0.293227342850468,0.2455462408974089,0.2679495947105902,-0.0186940907829965,1.0259516364919266,1.0446457272749232,0.4337419078909001,0.128562425943592,0.4774833566941155,0.4782716114565947,0.6854530024289467,-0.0736194823798558,4.606941358970798,4.680560841350654,0.4660858566833759,0.3104335201048218,posture_train_trials_20260526_100125.csv
28,27,IndexPoint,accepted,0,0,40,60,0,0,0,0,0,0,0,0,0,0,0,0,0,0,0.0232320702781306,0.0152429517845358,0.0279154653257688,-0.0149169272192982,0.1255853895632089,0.1405023167825072,0.0030219174798572,-0.0217202285842064,-0.3010165495577811,-0.2935254196109762,0.0455666877460839,-0.3856040425122895,-0.2170840084585174,0.168520034053772,-0.3829912387869519,-0.0230927912663209,-0.0372321670696598,-0.0379182152911629,0.0352242978020045,-0.1019840230487167,0.0661880476451257,0.1681720706938425,-0.0693468556903428,-0.0246320790210172,-0.0109968030867426,-0.0080846036423826,0.0224468121212731,-0.0493436508534378,0.040612073113958,0.0899557239673959,-0.0317998938482488,-0.0197522847298653,0.167409918652648,0.1602577484914127,0.0456169607636732,0.0875072040080161,0.2755706998179121,0.188063495809896,0.1337227245358561,-0.0435138131045171,0.057122604571774,0.0545105126581649,0.0350372417046134,-0.0127861687729751,0.1491586552851017,0.1619448240580769,0.0619253045142874,-0.0180321173081515,0.2758202806922735,0.2034783247434301,0.2027149391328705,0.0278937152451801,0.7675985318037096,0.7397048165585295,0.0776425740980217,-0.1514974689227436,posture_train_trials_20260526_100125.csv
29,28,IndexPoint,accepted,0,2,40,60,0,0,0,0,0,0,0,0,2,0,0,0,0,0,0.0020256738519365,-0.0005999388194258,0.0314929536585267,-0.0564655288857671,0.0733087232164353,0.1297742521022025,-0.0293909421637934,-0.0282815268244667,-0.0351597410754181,-0.1301376317675865,0.3112082926398737,-0.4360212807198849,0.53733327305272,0.9733545537726048,-0.3467787009911635,-0.2989311023697703,-0.0587221281498387,-0.0603580123603222,0.0523655596517249,-0.1450186854039745,0.0290784910861155,0.17409717649009,-0.1125022477971588,-0.0513633628830449,0.1417157177353597,0.1303815062764357,0.0439539108889449,0.0856690305661921,0.313033963121031,0.2273649325548388,0.1509434981491076,0.0164993031979042,0.2487621925319813,0.2442727907395366,0.0731560951445792,0.122636631423297,0.4431853502984202,0.3205487188751232,0.2216587999186215,-0.0508079113126945,-0.0810651831845978,-0.0752206118060076,0.0354120647417797,-0.1415972762896164,0.0105962768430088,0.1521935531326253,-0.0977839806908303,-0.0283238265625382,0.0077554261951233,-0.0179143870330531,0.1087800271543008,-0.1328866079559059,0.2539558114096706,0.3868424193655765,-0.1233659174116059,-0.1126391101463682,posture_train_trials_20260526_100125.csv
30,29,IndexPoint,accepted,0,1,40,60,0,0,0,0,0,0,0,0,1,0,0,0,0,0,-0.0116672676127152,-0.0134434226798931,0.0180442825652428,-0.0440225346441906,0.0394262141049218,0.0834487487491124,-0.03622363085147,-0.0162135011936284,0.2210150861087966,0.2189280532436312,0.209151157164582,-0.1441080827668507,0.9224029514512389,1.0665110342180897,0.311912002588159,-0.0035050075448458,0.0435288450765688,0.0415794486974998,0.0246416886248113,-0.015855137443402,0.1136103641330037,0.1294655015764058,-0.015855137443402,-0.0053986391496035,-0.0193310873691588,-0.0347637300797626,0.0358024592184452,-0.0710708472611495,0.0620242024202418,0.1330950496813914,-0.0559051817590518,-0.0356378546463078,0.2857984614929928,0.2830454347434611,0.0496116332731208,0.2022018082506864,0.4307660604823867,0.2285642522317003,0.2682886861600037,-0.035441690675304,-0.1529643830055959,-0.148707652933152,0.0273489773501425,-0.2105559609902369,-0.0830272964214119,0.127528664568825,-0.1470277805806454,-0.00648632362866,0.1105207191267129,0.1015796352419731,0.0451428565828787,0.0362799802607119,0.2150736894244541,0.1787937091637422,0.0580552600183454,-0.038770269142415,posture_train_trials_20260526_100125.csv
31,30,IndexPoint,accepted,0,0,40,61,0,0,0,0,0,0,0,0,0,0,0,0,0,0,0.0342649299384022,0.018840317601069,0.0553588870424428,-0.0514087573219921,0.1449471639039255,0.1963559212259177,-0.0089379113717753,-0.0566936672705551,-0.284919519201589,-0.2910320995127194,0.0891012911509915,-0.3921868059695303,-0.0525967939114955,0.3395900120580348,-0.3895708498706429,-0.0896921790419888,-0.0771406994296864,-0.0846317348924024,0.0347364612373258,-0.143879607584502,0.0185565117499184,0.1624361193344204,-0.0689030224469533,-0.0132621474010115,0.0806397607306919,0.0817806323671962,0.0308001699258554,0.0028720663731833,0.197467909042784,0.1945958426696007,0.0882084768007697,0.0046921427368387,0.1973200640614742,0.1897155234573402,0.0687074915444007,0.0783112573264831,0.4176114841140854,0.3393002267876022,0.1127220243544987,-0.0725459605794432,0.0368291460139649,0.0309607121228141,0.0587606064247581,-0.0775607536971257,0.237323543407,0.3148842971041258,0.0280851762587553,-0.0092080876950603,0.2043414894378881,0.1297705945761908,0.1821508536622999,0.0636459331844608,1.1140473981066346,1.0504014649221738,0.1157986140204973,-0.1382078379589521,posture_train_trials_20260526_100125.csv
37,31,ThumbUp,accepted,1,1,41,60,0,1,0,0,0,0,0,0,1,0,0,0,0,0,0.0891308992529457,0.0868616107371408,0.0302070944483891,0.0265786552952859,0.1973758490162404,0.1707971937209545,0.0503534594216707,-0.0257046086322851,0.0568758088186605,0.0093956490314453,0.1701365743151353,-0.220810647307925,0.5341086200695359,0.7549192673774608,-0.0829811755666539,-0.0725375968150143,0.1744339409622891,0.1726688832640285,0.0397701333153681,0.1072391484195051,0.2866330465382899,0.1793938981187848,0.1098602683505846,-0.0297702133990287,0.0430997677109515,0.0405540020971687,0.0255245454923774,-0.0046246129921697,0.1112552639090065,0.1158798769011763,0.0381049642882274,-0.0174808673212305,0.23909243845914,0.2427699810822051,0.0461114273599675,0.1458625525946703,0.3636508951406648,0.2177883425459945,0.1559853190287971,-0.0472696350449237,-0.143975016813359,-0.1497612345656806,0.034677838230095,-0.2152657309572622,-0.0455349100977415,0.1697308208595207,-0.1966146282559943,-0.0184489772846712,0.1404740243496422,0.136562916486524,0.027416876330957,0.0887393422496928,0.1973781780970224,0.1086388358473295,0.0887393422496928,-0.02173295158366,posture_train_trials_20260526_100125.csv
38,32,ThumbUp,accepted,1,11,41,60,0,1,0,0,0,0,0,0,11,0,0,0,0,0,0.0470854811195653,0.0434449976820333,0.0207154132313205,0.0,0.098063757646738,0.098063757646738,0.0337694308232911,-0.0055281886532001,0.0099967633245094,-0.0412258224499916,0.3070724538633236,-0.3193706768774703,1.5008933889219775,1.820264065799448,-0.2169572162800389,-0.2283084249816911,0.0658559099917179,0.0607457846377892,0.0323378964486165,0.0116343490304709,0.1546778422925642,0.1430434932620932,0.0427843803056027,0.0057951434342501,0.0685397261949305,0.0679744606683622,0.0174851121821837,0.0105060072810863,0.1071125507550526,0.0966065434739662,0.051625915074732,-0.0009617117734437,0.1313501122833563,0.1125374856038091,0.0489114491912305,0.0698537471719545,0.2485616863340324,0.1787079391620778,0.0877434519811954,-0.0483431078910949,-0.2143536078665036,-0.2430815647144789,0.0685815000454718,-0.2934995691240872,0.0761010375232009,0.3696006066472881,-0.2541540218799125,-0.0464389378496805,-0.0062452729655819,-0.0057042785014032,0.0191194786116495,-0.0422520296505471,0.0351979912075217,0.0774500208580689,-0.0302773721108612,-0.0189351777100791,posture_train_trials_20260526_100125.csv
39,33,ThumbUp,accepted,0,12,40,60,0,0,0,0,0,0,0,0,12,0,0,0,0,0,0.0521959884716479,0.0499229024164073,0.0287384047483148,0.0042804073559917,0.1243113919619882,0.1200309846059965,0.0395224145321021,-0.0207650287659867,0.3782273827184927,0.2615694164989939,0.3469527914011358,0.025376137421544,1.9754177237337067,1.9500415863121627,0.103980775110024,-0.2235060569342599,0.0760469909203722,0.0693508535489666,0.0365810379723357,0.0011613779302458,0.1891990228182337,0.1880376448879878,0.0719065068089527,-0.0276379384097959,0.0352750595302658,0.0176449567439965,0.0608190185485472,-0.0439279761441043,0.163127742467376,0.2070557186114803,-0.0160865173422098,-0.0615834714989882,0.0665095747077321,0.0513990435989031,0.0410006699235898,0.0173440921809633,0.2182204735502193,0.200876381369256,0.0274527770403618,-0.0392778050130198,-0.2614038799824156,-0.2655377948509264,0.0504977066187212,-0.3479426064810952,-0.1519087668436913,0.1960338396374038,-0.3295688164782895,-0.0547407030305345,0.0546235704454879,0.0541720263171719,0.0327793366571114,0.0073394291914733,0.1559784455215326,0.1486390163300592,0.0073394291914733,-0.0337585342004396,posture_train_trials_20260526_100125.csv
40,34,ThumbUp,accepted,0,3,39,61,0,0,0,0,0,0,0,0,3,0,0,0,0,0,0.0348146899531857,0.0182297076717612,0.0441484704758487,-0.0259034880143535,0.1740268425422009,0.1999303305565545,-0.0035897540791996,-0.0418637365199363,0.2383968430688922,0.1227346318307127,0.4295786558724043,-0.1823950591454355,1.9032105675984023,2.0856056267438383,-0.0511947051807291,-0.2808588142840735,0.1099819217167967,0.0977835723598435,0.0488109000452739,0.0375882911784548,0.2769177726255197,0.2393294814470648,0.0375882911784548,-0.0405089666627489,0.0733034235922291,0.0770051378546731,0.0642245651327386,-0.0317566530825224,0.2271292909501749,0.2588859440326974,-0.0317566530825224,-0.0615792654695145,0.1562424294223525,0.1604143331489757,0.0593966384939587,0.0610550066596424,0.253717472118959,0.1926624654593165,0.082621700554342,-0.062140895489795,-0.2463191701681962,-0.2747904437173263,0.1373814774089388,-0.357161621978336,0.3020123228712453,0.6591739448495814,-0.3422897186902388,-0.114524867724853,0.0843251744608144,0.0849127522893981,0.0521625029124078,0.0011311579742908,0.19179213947293,0.1906609814986392,0.0311684950830652,-0.0528115330424882,posture_train_trials_20260526_100125.csv
41,35,ThumbUp,accepted,0,1,40,60,0,0,0,0,0,0,0,0,1,0,0,0,0,0,0.0946189087640934,0.0871337176844407,0.0486269736556161,0.0184137116446539,0.2107931479578991,0.1923794363132451,0.0541804710716253,-0.0504934246157819,-0.1521274936429864,-0.1681200827063541,0.0770330477866788,-0.2677301215733111,0.150145284337051,0.4178754059103622,-0.1602558384768712,-0.0458311069034764,0.1100849829511554,0.086573435656383,0.0840017331121515,0.0075667509846666,0.3673604858978276,0.359793734913161,0.0435527005886007,-0.0867951629661214,0.0924455365613584,0.0969634438809801,0.0335570793218906,0.034962734097158,0.1572729059768032,0.1223101718796452,0.0398351627064258,-0.0340365874951041,0.2565748349975107,0.2250143539392025,0.0798885007628625,0.1669221585384593,0.4993031649995348,0.3323810064610754,0.1853001811688225,-0.0689234783647619,-0.100662835635734,-0.1492856894245438,0.1823270424048959,-0.271664796426076,0.5950540958268935,0.8667188922529695,-0.2407722735965211,-0.1573006164129377,0.0521356170985074,0.0451680524860473,0.043381065862362,-0.0072672444135795,0.1601133988058015,0.167380643219381,0.0187755068397122,-0.0442686953871935,posture_train_trials_20260526_100125.csv
42,36,ThumbUp,accepted,0,0,39,60,0,0,0,0,0,0,0,0,0,0,0,0,0,0,0.0036600690874154,0.0048077092410159,0.0157808194222754,-0.0304649314217139,0.0368816359174596,0.0673465673391735,-0.0035842272992373,0.004815410944835,-0.3151046570263326,-0.3162841631502925,0.034096234947064,-0.401220165238678,-0.2325242129021198,0.1686959523365582,-0.335454597613219,0.005262936066779,0.0040343954585603,-0.0005840981524526,0.0195087550371101,-0.0252647200857469,0.0724947520406729,0.0977594721264199,-0.006980522155558,-0.0084299899724841,0.0883214186634565,0.0822536351279344,0.0304664927883276,0.0373001776198934,0.1560412274825299,0.1187410498626365,0.0373001776198934,-0.0335046139939889,0.1688889280163153,0.153226670093598,0.0426522118568187,0.1159213294474147,0.3038356090013301,0.1879142795539153,0.1347107478393419,-0.0363851873497701,-0.2934265715909873,-0.3030856551840931,0.0345070092952749,-0.3367788806038207,-0.1819459360647121,0.1548329445391085,-0.3185501820452854,-0.0316520925807751,0.0524592727813483,0.0571121745155045,0.0245499718562523,0.0067627824019025,0.0968644869638352,0.0901017045619326,0.0607522390512449,-0.0166386023291654,posture_train_trials_20260526_100125.csv
43,37,ThumbUp,accepted,0,0,41,60,0,0,0,0,0,0,0,0,0,0,0,0,0,0,0.0220982643455179,0.0095647680193398,0.0427064528838274,-0.0414904126244331,0.1512428943058099,0.192733306930243,-0.0267930292892741,-0.0418762305755431,-0.1491291207085499,-0.1624506216112003,0.0876020604909415,-0.2832193888070812,0.0395129845921728,0.3227323733992541,-0.2483979327468747,-0.0836229058318326,0.0261641062774409,-0.0005846525493421,0.074621172201681,-0.0626475216365067,0.2869065281899109,0.3495540498264176,-0.0387059647718174,-0.0735674231188187,0.0368724825190504,0.0270475942749835,0.0545323931728959,-0.0544090132595786,0.1820433436532508,0.2364523569128294,-0.0544090132595786,-0.049938715137445,0.2487278728155822,0.2371154376126145,0.067260996883754,0.1491085477977033,0.4232720173037533,0.27416346950605,0.1491085477977033,-0.0556830307142804,-0.1830985265740731,-0.2892561220125377,0.2204579099030799,-0.3476444191023466,0.712419265673876,1.0600636847762228,-0.3267984906983387,-0.1979783878146529,0.0482632720632741,0.036382702964821,0.0409662444184579,-0.0145061017729679,0.1669755485143779,0.1814816502873459,-0.0044942217149379,-0.0406701052453752,posture_train_trials_20260526_100125.csv
44,38,ThumbUp,accepted,0,0,40,60,0,0,0,0,0,0,0,0,0,0,0,0,0,0,0.0017858489037976,0.0041522763615052,0.024429408095193,-0.04244759711553,0.0439061786137416,0.0863537757292717,-0.0289633784072816,-0.0222552842182099,-0.121571925073971,-0.1333483589608176,0.0604166987644863,-0.2169700874087747,0.0370456819937073,0.254015769402482,-0.1688316229764518,-0.0567389137390666,0.0669313492913315,0.0584457289659601,0.0348507284137685,0.0092296769613063,0.1548525678578402,0.1456228908965339,0.0340283419081144,-0.0347713695148724,0.0514946016184695,0.0688218947800805,0.0470799859950284,-0.0416190663854575,0.12472070424687,0.1663397706323275,-0.0285642553744668,-0.0480787153819604,0.1322588835095651,0.1270990390805868,0.0338465288549489,0.0772155876807039,0.2270270270270269,0.149811439346323,0.0772155876807039,-0.0328397690289034,-0.2980331195189579,-0.2990587613375597,0.0366730451515323,-0.355162841888326,-0.1948279874639025,0.1603348544244234,-0.3000230188022663,-0.0229267923165746,0.047724597047098,0.0514388489208632,0.028179151587269,-0.0100939417177914,0.1092323651452281,0.1193263068630196,0.0022621809744779,-0.0197876623378009,posture_train_trials_20260526_100125.csv
45,39,ThumbUp,accepted,1,0,40,59,0,1,0,0,0,0,0,0,0,0,0,0,0,0,0.1126697129700594,0.1068404270731785,0.035118656644635,0.0558938536048077,0.1894501147211943,0.1335562611163866,0.0571577484364141,-0.0373824648401979,0.1761064550091436,0.1712422954746173,0.1101435701005307,-0.0041341059920395,0.4701827397518657,0.4743168457439052,-0.0041341059920395,-0.0812643249362113,0.0957767353421488,0.0840774621365442,0.0491502404684327,0.0230703835430137,0.2120516674307051,0.1889812838876913,0.0325045882326927,-0.0475225377429509,0.0974445295288761,0.0983561350391568,0.0368611852780334,0.0337257901842856,0.2042140801627061,0.1704882899784204,0.0733275556206012,0.013052209463823,0.2548115462468917,0.2479738388184816,0.0893784558884151,0.1212755992560332,0.5398600564965194,0.4185844572404861,0.1212755992560332,-0.0892987424291309,-0.0743849441892764,-0.0958743813127205,0.1089186965884523,-0.2182230195866997,0.3124354213539662,0.5306584409406659,-0.1705049804629226,-0.0933257738608409,0.1124488069413554,0.1093434884680305,0.030493224715399,0.0596197408183306,0.1888341197657726,0.1292143789474419,0.0928350455133017,-0.0203393696592477,posture_train_trials_20260526_100125.csv
46,40,ThumbUp,accepted,1,0,40,60,0,1,0,0,0,0,0,0,0,0,0,0,0,0,-0.0194528844291342,-0.0268776526138301,0.0448943953863812,-0.0803266533167216,0.1365175777534754,0.216844231070197,-0.077075813339244,-0.0464335806154991,-0.2133880245286123,-0.2532936697960821,0.1600665878056919,-0.3727823324535528,0.4233893422536287,0.7961716747071814,-0.3205952481193426,-0.1466339105689472,0.1055731585017849,0.0904144843906955,0.0564928902179979,0.0137491004607654,0.2391858976179351,0.2254367971571696,0.0207214703782209,-0.0589913033043562,0.0391437521310325,0.0311526063796955,0.042827741056764,-0.0164963757363851,0.2286842290751786,0.2451806048115638,-0.0108515330787297,-0.0410091889014813,0.2120227530146874,0.1887269704543869,0.0861225458330894,0.1191695158823967,0.4612866345734371,0.3421171186910404,0.1587906295757595,-0.0860538477423189,-0.1800414990766229,-0.292071178437372,0.3095911333389973,-0.34753437406872,1.2594067560648603,1.6069411301335803,-0.3191322274343485,-0.2120310280935975,0.0228140989940199,0.0136510430590932,0.0301479219525901,-0.0167123529931912,0.0947945831666761,0.1115069361598674,-0.0078468354655611,-0.0270967149712788,posture_train_trials_20260526_100125.csv
47,41,Pinch,accepted,0,7,40,60,0,0,0,0,0,0,0,0,0,0,0,0,7,0,0.2794920949623029,0.2779455905093042,0.0452964680841287,0.1909090286700152,0.3711910091826946,0.1802819805126793,0.2457414723248799,0.0200179302625737,0.6916983083109047,0.5272601694709587,0.3926833404423266,0.2616078911349335,1.864034891557523,1.6024270004225898,0.6713459678725496,-0.2572634593859359,0.2273840549924601,0.2256988486681628,0.0395249578035312,0.1299307036247334,0.3354983010021936,0.2055675973774602,0.2581417361720808,0.0249449248531627,0.055929631056005,0.0566381657475135,0.0276463973896177,0.0166568356547912,0.1594097306702254,0.1427528950154342,0.0975570764290459,-0.0126107372134199,-0.0148911323268488,-0.0162183138262013,0.0188440433624847,-0.0447028000654985,0.0285345536675922,0.0732373537330908,-0.0355329949238578,-0.0200021164271968,1.0737286255790288,0.967234944205951,0.6382765542643057,0.1174871521036995,2.619065134799823,2.5015779826961233,1.3589230012318063,0.1927673287401995,0.1527638751124675,0.1534884725097086,0.0249923508204636,0.1035673639182135,0.2197573851510728,0.1161900212328592,0.129455560725919,-0.0017422724344702,posture_train_trials_20260526_100125.csv
48,42,Pinch,accepted,0,0,40,60,0,0,0,0,0,0,0,0,0,0,0,0,0,0,0.0120614024838934,0.0075450072221218,0.0224090908583199,-0.0191123015964441,0.1160294883078911,0.1351417899043353,-0.0178954631237082,-0.0102745767248843,0.0991508023915397,0.0854209755979192,0.1298507559780266,-0.1276826145772306,0.5383296918556468,0.6660123064328775,0.0684604592537991,-0.086889390004495,0.0614646446614481,0.0503830801436352,0.052278070814625,-0.0114953370197012,0.2222102362436378,0.2337055732633391,0.0442000022754183,-0.0438154729036089,0.0157272562575542,0.0070547612043796,0.0363282263428475,-0.0524001235700547,0.0981849326099453,0.15058505618,-0.0269734904519712,-0.0365585687658463,0.1609265138009339,0.1511536206094676,0.0360805659004488,0.1073020147124607,0.2568386281512974,0.1495366134388366,0.1073020147124607,-0.0328555118341857,-0.0136933297856898,-0.0349216856330481,0.1888520001252479,-0.2958894597319695,0.4574016641028822,0.7532911238348519,-0.0896368678282823,-0.1692177983329606,-0.0301377148121121,-0.0365879067962372,0.0413023249232547,-0.0932091687466735,0.2009753534699829,0.2941845222166565,-0.0162465548709643,-0.0094977424235262,posture_train_trials_20260526_100125.csv
49,43,Pinch,accepted,0,0,39,60,0,0,0,0,0,0,0,0,0,0,0,0,0,0,-0.0172549217183706,-0.0024321853853871,0.0374792425018248,-0.0803266533167216,0.0375383404417332,0.1178649937584548,-0.0627994354213467,-0.0379519386624612,0.0864325665052568,0.0855179833411535,0.1022299421502155,-0.1087371992187636,0.3422850285585798,0.4510222277773434,-0.0467843908299719,-0.0665534154020502,0.1066059771411923,0.0994786865162948,0.0306713109120118,0.0552050473186118,0.1852882133639232,0.1300831660453113,0.0883280757097791,-0.0170363066352877,0.0507677159457738,0.0525876299057652,0.0239110996097758,0.0080269497171035,0.0960571452495205,0.0880301955324169,0.0091809144594357,-0.0222950709684178,0.0280245667547253,0.0237793525480228,0.0408438899752924,-0.0384794885689138,0.1340272411996189,0.1725067297685328,0.0072314900931235,-0.041860579081021,0.2450911284635556,0.0780784785326058,0.4682435004226295,-0.2209079837321461,1.849576550692984,2.07048453442513,-0.0741286902469284,-0.4196202721942528,-0.0118696752497595,-0.01186582737906,0.0144936955690118,-0.0420436664044059,0.0196319963045653,0.0616756627089713,-0.0090584268532031,0.0030708327114822,posture_train_trials_20260526_100125.csv
50,44,Pinch,accepted,0,0,41,60,0,0,0,0,0,0,0,0,0,0,0,0,0,0,0.0342017494856335,0.031245063878717,0.034283781349647,-0.0107033079625293,0.1239400461830192,0.1346433541455486,-0.0083389770156674,-0.0359241687150901,-0.0525435987386383,-0.0602196473122422,0.1545895834355934,-0.2381437764811892,0.3244816898865584,0.5626254663677477,-0.171758419379919,-0.1547419103142299,0.0939113145036065,0.0959871764666285,0.0216156493528404,0.050139992000457,0.1419601419601419,0.0918201499596848,0.0842624504476671,-0.0134801304039243,0.0291933567861805,0.0167119321530144,0.0382160042578941,-0.0235396687009589,0.1209677419354838,0.1445074106364428,-0.0113053964425685,-0.0408969246879786,0.042977189532771,0.0390404046250091,0.020646725013396,0.0082314394178693,0.1109051840079377,0.1026737445900683,0.0106008012370621,-0.018038072015295,0.2505662843737601,0.2444925206083277,0.1863926751511274,-0.0871297942825162,0.7241947172586858,0.811324511541202,-0.0871297942825162,-0.0809374350545278,-0.0649899186544056,-0.0692190924400874,0.020302400474906,-0.0921822190951238,0.0022933775991613,0.0944755966942851,-0.0687001495513459,-0.0153779651003351,posture_train_trials_20260526_100125.csv
51,45,Pinch,accepted,0,0,40,59,0,0,0,0,0,0,0,0,0,0,0,0,0,0,0.0625195434642322,0.0645296718634706,0.0184607725814478,0.0233011030040059,0.1027593547425934,0.0794582517385875,0.0492672192166271,-0.0068352880154505,-0.0477493904059957,-0.0830445917445013,0.1283522638118938,-0.2098128906168181,0.460766250629921,0.6705791412467391,0.0063927739018713,-0.1033666830250918,0.1079721679515548,0.1038365815883936,0.0290160296110891,0.0441343089912693,0.1854547144428753,0.141320405451606,0.0549797847291354,-0.0170435865862562,0.0467297372198946,0.0420787628124437,0.0220235429741968,0.0126043013280056,0.1218842336540648,0.1092799323260591,0.0277847041641434,-0.0192599365403624,0.0256260781323125,0.0295548711624136,0.0175274187228334,-0.0080624928277144,0.0628748084435428,0.0709373012712572,0.0058150168585788,-0.016384716861761,-0.0546679982641357,-0.0659255068031608,0.0526764850020649,-0.1277065576888185,0.0778159860733788,0.2055225437621973,-0.0597610747030876,-0.0428785839320681,-0.0131156633079549,-0.0154517425387718,0.0138693639390989,-0.0369726409817297,0.0319008660537456,0.0688735070354753,-0.0198071624617514,-0.0098107131612087,posture_train_trials_20260526_100125.csv
52,46,Pinch,accepted,0,0,39,61,0,0,0,0,0,0,0,0,0,0,0,0,0,0,0.0453787040197125,0.0384233073248826,0.0419849376167955,-0.0161820336240812,0.1385655678381002,0.1547476014621814,0.0058698972746474,-0.0432429904567701,-0.2245202569976123,-0.2237937570479138,0.0485137895926398,-0.319377761342886,-0.1109467785035629,0.208430982839323,-0.2998689279165077,-0.0207301615312365,0.0671973776971051,0.05982993396061,0.0443391066877237,-0.0170303315958744,0.2182694792608863,0.2352998108567608,0.026918613956466,-0.0375602570686067,0.0321339966494843,0.0263101878544899,0.0449963739129362,-0.0393720134476979,0.1151283080244896,0.1545003214721875,-0.0166655994894914,-0.0468801364051628,0.0201658635460307,0.0210588447719438,0.0177227364263424,-0.0249272850426329,0.0638242123539043,0.0887514973965372,-0.0249272850426329,-0.0115776543867442,0.0325814954536344,0.0356799981928458,0.0689558295645818,-0.1011630958653844,0.1408155460668522,0.2419786419322366,-0.0911798535942534,-0.0515429992848434,-0.0528385772478181,-0.0460825573522858,0.015784179798401,-0.082527438354742,-0.0260766847692845,0.0564507535854574,-0.0745883843300899,-0.0148702124497058,posture_train_trials_20260526_100125.csv
53,47,Pinch,accepted,0,0,40,60,0,0,0,0,0,0,0,0,0,0,0,0,0,0,0.0940394791579435,0.0868367333672972,0.027944182763745,0.0533725288767952,0.1760513899503155,0.1226788610735203,0.0686307782644062,-0.0231270348390366,-0.0666183756934065,-0.1029446001901262,0.1027100356959942,-0.2193154627781915,0.1198099724168652,0.3391254351950568,-0.1733962069896576,-0.0980200705344429,0.0919246797858269,0.0860247574444851,0.0605297123244634,-0.0089719257597791,0.2074214856688379,0.2163934114286171,-0.0033774124374553,-0.0587238381880143,0.0173218989863652,0.0108128270647316,0.0228763247947077,-0.0167529931059762,0.0723281831045743,0.0890811762105505,-0.0056273204967212,-0.0211610688872959,0.0109803735542591,0.01092990342148,0.0188971911698462,-0.0202663578459756,0.0459453161410595,0.0662116739870352,-0.0202663578459756,-0.020077492676639,-0.0535387876127322,-0.052446618591771,0.0467825052551234,-0.1436361027407088,0.0512036741335522,0.194839776874261,-0.0437896286231884,-0.0335673567048295,0.0213994288166701,0.0182154736506445,0.0198431802982177,-0.0177871104451759,0.0725948409180995,0.0903819513632755,0.0159841617172033,0.0052239678256757,posture_train_trials_20260526_100125.csv
54,48,Pinch,accepted,0,0,41,60,0,0,0,0,0,0,0,0,0,0,0,0,0,0,0.0716333650819272,0.071083965129928,0.0304077468792136,0.0118690285308838,0.128374896077465,0.1165058675465811,0.0118690285308838,-0.0238558767314819,0.0036077404153362,-0.030532002559701,0.1172679459984595,-0.1589453547367546,0.316530413481687,0.4754757682184416,-0.0828760512602561,-0.0914271956190844,0.0655715913415736,0.065773599898269,0.0318531072156147,-0.0169569898409894,0.121512985184445,0.1384699750254344,0.097687525159905,0.0275021708761541,0.0299536943855998,0.0291780424955433,0.0194409617132792,-0.011134785559529,0.0892539546367593,0.1003887401962883,0.0135880385442382,-0.0168583690439339,-0.0186459802107037,-0.0201472376451154,0.0082483786985248,-0.034356183869522,0.0,0.034356183869522,-0.0212510897994768,-0.0051183760954678,-0.1358163709402003,-0.1449404993234985,0.0492153146044425,-0.206081081081081,-0.019724065382748,0.186357015698333,-0.206081081081081,-0.0495922040848712,0.0167557247265818,0.0155498596362748,0.0124564661234796,-0.0043843589200022,0.061809420255422,0.0661937791754243,0.0245811598465703,-0.0065906562261945,posture_train_trials_20260526_100125.csv
55,49,Pinch,accepted,0,0,40,60,0,0,0,0,0,0,0,0,0,0,0,0,0,0,0.0163395979925879,9.797084135605792e-07,0.0465338034612917,-0.0433777862025133,0.1628202423224891,0.2061980285250024,-0.0174464131679873,-0.0443799374162397,-0.1188618793042263,-0.1316445986801515,0.0666355777990846,-0.2111003685200943,0.1053031122193104,0.3164034807394047,-0.1582442443718546,-0.022716292186824,0.0755253748462582,0.0721184327317299,0.0244870591173918,0.0150381355932202,0.1352080123266563,0.120169876733436,0.0977835723598435,0.0038728197085492,0.0361208234061766,0.0268928476451608,0.0251560533663072,-0.0011229318310452,0.0881515148341694,0.0892744466652146,0.0067738424366203,-0.0213537897564228,0.0144118741111129,0.0137609823224304,0.0102887035597456,-0.0045298797839595,0.0420787628124437,0.0466086425964033,-0.002268470585498,-0.0081873254382565,-0.0523904387059584,-0.0310292506757227,0.0717059399042343,-0.1776555761557372,0.0653001025991793,0.2429556787549165,-0.1656238545187959,-0.0758360589983782,-0.1167992132628411,-0.1185957384844429,0.0290764966645964,-0.1569767441860465,-0.0584315207309951,0.0985452234550513,-0.1551773775630978,-0.032021634467217,posture_train_trials_20260526_100125.csv
56,50,Pinch,accepted,0,0,40,60,0,0,0,0,0,0,0,0,0,0,0,0,0,0,0.0278126442150498,0.028526645768025,0.0214489898613861,-0.0081107441257585,0.0748119257029032,0.0829226698286618,-0.0034873650083159,-0.0214464756130086,-0.205027922536897,-0.2287460968809786,0.0824372962581703,-0.3108341464046522,0.0244797324595159,0.3353138788641681,-0.3108341464046522,-0.0783779400673771,0.0934803516763823,0.0847612992888507,0.0480496235165039,0.0034397697300263,0.2338580147767426,0.2304182450467162,0.0034397697300263,-0.0467749953288492,0.0316862020353149,0.0267259755814971,0.021206014002683,-0.0044547209435522,0.0838117821646037,0.088266503108156,0.0838117821646037,-0.010729564390748,-0.0280146323422084,-0.0286106643692698,0.0080694356994658,-0.0470635935551243,-0.0119197010877622,0.0351438924673621,-0.0362675579157967,-0.0024092483379776,-0.1242212612625294,-0.1262401800348354,0.0321803025735207,-0.1740402593802413,0.0196414747366028,0.1936817341168442,-0.1187834998074338,-0.0240153228664869,-0.0264000609330491,-0.0440048362958758,0.0379372450567902,-0.0687993177447247,0.0720932762441961,0.1408925939889209,-0.0597893141179465,-0.0394551367001459,posture_train_trials_20260526_100125.csv
